DateTime,Airport,Airport2,Inbound,Airline,Delay,Distance
22-12-2008 08:30,JFK,LAX,0,DL,0,2475
22-12-2008 15:42,ATL,LAS,0,DL,12,1747
22-12-2008 19:15,JFK,LAX,1,DL,-25,2475
22-12-2008 16:01,JFK,BOS,1,DL,26,187
22-12-2008 16:59,JFK,BOS,0,DL,30,187
22-12-2008 13:14,ATL,SFO,1,DL,-21,2139
22-12-2008 19:46,ATL,SFO,0,DL,51,2139
22-12-2008 19:11,ATL,LAX,1,DL,9,1946
22-12-2008 17:18,ATL,PHX,1,DL,-15,1587
22-12-2008 19:10,ATL,LAX,0,DL,15,1946
22-12-2008 19:24,ATL,LAS,1,DL,8,1747
22-12-2008 19:08,ATL,LAS,0,DL,9,1747
22-12-2008 14:48,ATL,SFO,1,DL,-29,2139
22-12-2008 17:49,ATL,SFO,0,DL,9,2139
22-12-2008 14:53,JFK,SFO,1,DL,-9,2586
22-12-2008 19:27,JFK,SFO,0,DL,7,2586
22-12-2008 17:20,JFK,LAX,1,DL,11,2475
22-12-2008 19:19,JFK,LAX,0,DL,159,2475
22-12-2008 13:23,JFK,LAX,0,DL,13,2475
22-12-2008 17:26,ATL,JFK,0,DL,101,760
22-12-2008 17:44,ATL,LAX,1,DL,10,1946
22-12-2008 08:45,ATL,LAS,0,DL,15,1747
22-12-2008 17:41,ATL,LAS,1,DL,-13,1747
22-12-2008 08:48,ATL,LAX,0,DL,13,1946
22-12-2008 17:28,ATL,LAS,0,DL,8,1747
22-12-2008 15:52,ATL,LAX,1,DL,-12,1946
22-12-2008 17:32,ATL,LAX,0,DL,2,1946
22-12-2008 21:52,JFK,LAS,1,DL,98,2248
22-12-2008 13:43,ATL,LAS,1,DL,-1,1747
22-12-2008 16:34,ATL,LAX,0,DL,24,1946
22-12-2008 14:34,JFK,LAS,1,DL,-7,2248
22-12-2008 08:55,JFK,SFO,0,DL,20,2586
22-12-2008 12:50,ATL,JFK,0,DL,0,760
22-12-2008 16:45,JFK,SFO,0,DL,0,2586
22-12-2008 19:28,JFK,LAX,0,DL,33,2475
22-12-2008 18:02,JFK,LAS,0,DL,77,2248
22-12-2008 17:40,JFK,SFO,1,DL,-12,2586
22-12-2008 19:52,ATL,LAX,1,DL,-3,1946
22-12-2008 20:26,JFK,ATL,0,DL,91,760
22-12-2008 14:52,JFK,LAX,1,DL,-2,2475
22-12-2008 21:36,JFK,LAX,1,DL,3,2475
22-12-2008 08:41,JFK,ATL,0,DL,11,760
22-12-2008 21:30,ATL,JFK,0,DL,0,760
22-12-2008 17:06,JFK,ATL,0,DL,26,760
22-12-2008 21:17,ATL,LAX,0,DL,2,1946
22-12-2008 07:01,JFK,LAX,0,DL,1,2475
22-12-2008 11:11,JFK,LAX,0,DL,-4,2475
22-12-2008 23:37,JFK,LAX,1,DL,-14,2475
22-12-2008 08:34,JFK,SFO,0,DL,-1,2586
22-12-2008 22:25,JFK,SFO,1,DL,32,2586
22-12-2008 07:34,JFK,SFO,1,DL,64,2586
22-12-2008 08:05,JFK,LAS,0,DL,5,2248
22-12-2008 10:16,JFK,LAS,0,DL,26,2248
22-12-2008 00:18,JFK,LAS,1,DL,30,2248
22-12-2008 21:07,JFK,LAS,0,DL,12,2248
22-12-2008 06:33,JFK,LAS,1,DL,-27,2248
22-12-2008 17:02,JFK,PHX,0,DL,12,2153
22-12-2008 14:27,JFK,PHX,1,DL,-20,2153
22-12-2008 06:51,JFK,LAX,1,DL,-25,2475
22-12-2008 17:31,ATL,MEM,1,DL,1,332
22-12-2008 07:29,ATL,LAX,1,DL,-11,1946
22-12-2008 07:38,ATL,LAX,0,DL,8,1946
22-12-2008 14:45,ATL,LAX,1,DL,-4,1946
22-12-2008 10:16,ATL,LAX,0,DL,26,1946
22-12-2008 11:10,ATL,LAX,0,DL,10,1946
22-12-2008 15:45,ATL,LAX,0,DL,70,1946
22-12-2008 21:48,ATL,LAX,1,DL,33,1946
22-12-2008 22:55,ATL,LAX,1,DL,-15,1946
22-12-2008 18:34,ATL,COS,1,DL,21,1185
22-12-2008 06:00,ATL,LAX,1,DL,-21,1946
22-12-2008 10:22,ATL,GPT,0,DL,42,352
22-12-2008 06:03,ATL,PHX,1,DL,-9,1587
22-12-2008 09:11,ATL,PHX,0,DL,24,1587
22-12-2008 11:26,ATL,PHX,1,DL,1,1587
22-12-2008 12:13,ATL,PHX,0,DL,82,1587
22-12-2008 13:33,ATL,PHX,1,DL,-13,1587
22-12-2008 14:08,ATL,PHX,0,DL,46,1587
22-12-2008 09:54,ATL,JFK,0,DL,4,760
22-12-2008 16:23,ATL,PHX,0,DL,8,1587
22-12-2008 20:26,ATL,PHX,1,DL,51,1587
22-12-2008 18:56,ATL,PHX,0,DL,2,1587
22-12-2008 22:37,ATL,PHX,1,DL,42,1587
22-12-2008 21:29,ATL,PHX,0,DL,14,1587
22-12-2008 14:43,ATL,SFO,0,DL,28,2139
22-12-2008 08:29,ATL,SFO,0,DL,-1,2139
22-12-2008 20:48,ATL,SFO,1,DL,-1,2139
22-12-2008 16:26,ATL,SFO,0,DL,21,2139
22-12-2008 08:38,ATL,SFO,1,DL,151,2139
22-12-2008 09:44,ATL,SFO,0,DL,-1,2139
22-12-2008 12:41,ATL,LAS,1,DL,-2,1747
22-12-2008 21:40,ATL,SFO,0,DL,10,2139
22-12-2008 16:36,ATL,LAS,1,DL,1,1747
22-12-2008 08:32,ATL,LAS,0,DL,2,1747
22-12-2008 10:05,ATL,LAS,0,DL,30,1747
22-12-2008 11:45,ATL,LAS,0,DL,45,1747
22-12-2008 21:11,ATL,LAS,1,DL,53,1747
22-12-2008 06:10,ATL,LAS,1,DL,-24,1747
22-12-2008 21:49,ATL,LAS,0,DL,-1,1747
22-12-2008 21:21,ATL,BZN,1,DL,77,1641
22-12-2008 13:17,ATL,LAX,1,DL,-18,1946
22-12-2008 19:04,ATL,AUS,1,DL,-17,813
22-12-2008 19:44,ATL,MEM,1,DL,19,332
22-12-2008 14:02,JFK,ATL,0,DL,17,760
22-12-2008 06:14,JFK,ATL,0,DL,14,760
22-12-2008 13:26,ATL,LAX,0,DL,-4,1946
22-12-2008 11:52,ATL,COS,0,DL,31,1185
22-12-2008 08:53,ATL,MEM,1,DL,38,332
22-12-2008 11:10,ATL,AUS,0,DL,3,813
22-12-2008 14:11,ATL,MEM,0,DL,6,332
22-12-2008 22:19,ATL,MEM,0,DL,43,332
22-12-2008 11:29,ATL,BZN,0,DL,14,1641
22-12-2008 14:15,ATL,GPT,1,DL,74,352
22-12-2008 13:50,ATL,LAS,0,DL,25,1747
22-12-2008 16:24,ATL,MEM,0,DL,29,332
22-12-2008 22:29,ATL,LAS,1,DL,29,1747
22-12-2008 07:33,ATL,BOS,0,DL,-3,946
22-12-2008 09:20,ATL,BOS,1,DL,20,946
22-12-2008 08:40,ATL,BOS,0,DL,0,946
22-12-2008 10:54,ATL,BOS,1,DL,42,946
22-12-2008 10:29,ATL,BOS,0,DL,44,946
22-12-2008 12:09,ATL,BOS,1,DL,39,946
22-12-2008 10:18,ATL,AUS,1,DL,14,813
22-12-2008 11:02,ATL,BOS,0,DL,12,946
22-12-2008 13:06,ATL,BOS,1,DL,-4,946
22-12-2008 13:53,ATL,AUS,0,DL,-3,813
22-12-2008 12:09,ATL,BOS,0,DL,4,946
22-12-2008 14:08,ATL,BOS,1,DL,0,946
22-12-2008 13:38,ATL,BOS,0,DL,8,946
22-12-2008 15:21,ATL,BOS,1,DL,10,946
22-12-2008 14:35,ATL,BOS,0,DL,0,946
22-12-2008 17:07,ATL,BOS,1,DL,57,946
22-12-2008 16:07,ATL,BOS,0,DL,2,946
22-12-2008 18:17,ATL,BOS,1,DL,36,946
22-12-2008 17:38,ATL,BOS,0,DL,3,946
22-12-2008 18:49,ATL,BOS,1,DL,5,946
22-12-2008 18:44,ATL,BOS,0,DL,-1,946
22-12-2008 20:29,ATL,BOS,1,DL,42,946
22-12-2008 20:04,ATL,BOS,0,DL,4,946
22-12-2008 21:43,ATL,BOS,1,DL,48,946
22-12-2008 21:30,ATL,BOS,0,DL,0,946
22-12-2008 22:00,ATL,BOS,1,DL,5,946
22-12-2008 19:06,ATL,AUS,0,DL,13,813
22-12-2008 07:48,ATL,ORD,0,DL,18,606
22-12-2008 05:48,ORD,ATL,0,DL,3,606
22-12-2008 06:57,ORD,ATL,0,DL,-3,606
22-12-2008 09:48,ATL,ORD,0,DL,-7,606
22-12-2008 09:42,ORD,ATL,0,DL,27,606
22-12-2008 13:01,ATL,ORD,0,DL,-4,606
22-12-2008 14:56,ATL,ORD,0,DL,1,606
22-12-2008 12:13,ORD,ATL,0,DL,18,606
22-12-2008 17:42,ATL,ORD,0,DL,37,606
22-12-2008 15:26,ORD,ATL,0,DL,36,606
22-12-2008 20:07,ATL,ORD,0,DL,7,606
22-12-2008 17:05,ORD,ATL,0,DL,5,606
22-12-2008 21:21,ATL,ORD,0,DL,1,606
22-12-2008 19:45,ORD,ATL,0,DL,50,606
22-12-2008 16:40,ATL,AUS,1,DL,10,813
22-12-2008 19:24,ATL,SFO,1,DL,-1,2139
22-12-2008 07:01,ATL,SFO,1,DL,-10,2139
23-12-2008 08:47,JFK,LAX,0,DL,17,2475
23-12-2008 15:34,ATL,LAS,0,DL,4,1747
23-12-2008 19:48,JFK,LAX,1,DL,8,2475
23-12-2008 16:04,JFK,BOS,1,DL,29,187
23-12-2008 16:26,JFK,BOS,0,DL,-3,187
23-12-2008 13:16,ATL,SFO,1,DL,-19,2139
23-12-2008 19:20,ATL,SFO,0,DL,25,2139
23-12-2008 19:09,ATL,LAX,1,DL,7,1946
23-12-2008 17:32,ATL,PHX,1,DL,-1,1587
23-12-2008 19:13,ATL,LAX,0,DL,18,1946
23-12-2008 18:47,ATL,LAS,1,DL,-29,1747
23-12-2008 18:59,ATL,LAS,0,DL,0,1747
23-12-2008 15:02,ATL,SFO,1,DL,-15,2139
23-12-2008 18:22,ATL,SFO,0,DL,42,2139
23-12-2008 15:05,JFK,SFO,1,DL,3,2586
23-12-2008 19:18,JFK,SFO,0,DL,-2,2586
23-12-2008 17:17,JFK,LAX,1,DL,8,2475
23-12-2008 17:36,JFK,LAX,0,DL,56,2475
23-12-2008 13:10,JFK,LAX,0,DL,0,2475
23-12-2008 16:30,ATL,JFK,0,DL,45,760
23-12-2008 17:21,ATL,LAX,1,DL,-13,1946
23-12-2008 08:30,ATL,LAS,0,DL,0,1747
23-12-2008 18:13,ATL,LAS,1,DL,19,1747
23-12-2008 08:44,ATL,LAX,0,DL,9,1946
23-12-2008 17:51,ATL,LAS,0,DL,31,1747
23-12-2008 15:40,ATL,LAX,1,DL,-24,1946
23-12-2008 17:39,ATL,LAX,0,DL,9,1946
23-12-2008 20:29,JFK,LAS,1,DL,15,2248
23-12-2008 13:41,ATL,LAS,1,DL,-3,1747
23-12-2008 16:19,ATL,LAX,0,DL,9,1946
23-12-2008 14:47,JFK,LAS,1,DL,6,2248
23-12-2008 13:39,ATL,JFK,0,DL,49,760
23-12-2008 17:18,JFK,SFO,0,DL,33,2586
23-12-2008 18:54,JFK,LAX,0,DL,-1,2475
23-12-2008 16:48,JFK,LAS,0,DL,3,2248
23-12-2008 17:51,JFK,SFO,1,DL,-1,2586
23-12-2008 19:46,ATL,LAX,1,DL,-9,1946
23-12-2008 19:08,JFK,ATL,0,DL,13,760
23-12-2008 14:39,JFK,LAX,1,DL,-15,2475
23-12-2008 21:10,JFK,LAX,1,DL,-23,2475
23-12-2008 09:15,JFK,ATL,0,DL,45,760
23-12-2008 21:40,ATL,JFK,0,DL,10,760
23-12-2008 17:28,JFK,ATL,0,DL,48,760
23-12-2008 22:54,ATL,LAX,0,DL,99,1946
23-12-2008 06:54,JFK,LAX,0,DL,-6,2475
23-12-2008 11:10,JFK,LAX,0,DL,-5,2475
23-12-2008 23:33,JFK,LAX,1,DL,-18,2475
23-12-2008 21:40,JFK,SFO,1,DL,-13,2586
23-12-2008 06:11,JFK,SFO,1,DL,-19,2586
23-12-2008 08:20,JFK,LAS,0,DL,20,2248
23-12-2008 09:54,JFK,LAS,0,DL,4,2248
23-12-2008 00:07,JFK,LAS,1,DL,19,2248
23-12-2008 20:51,JFK,LAS,0,DL,-4,2248
23-12-2008 07:42,JFK,LAS,1,DL,42,2248
23-12-2008 16:53,JFK,PHX,0,DL,3,2153
23-12-2008 13:29,JFK,PHX,1,DL,-16,2153
23-12-2008 07:43,JFK,LAX,1,DL,27,2475
23-12-2008 07:35,ATL,LAX,1,DL,-5,1946
23-12-2008 07:40,ATL,LAX,0,DL,10,1946
23-12-2008 14:34,ATL,LAX,1,DL,-15,1946
23-12-2008 10:15,ATL,LAX,0,DL,25,1946
23-12-2008 11:21,ATL,LAX,0,DL,21,1946
23-12-2008 14:36,ATL,LAX,0,DL,1,1946
23-12-2008 21:34,ATL,LAX,1,DL,19,1946
23-12-2008 22:54,ATL,LAX,1,DL,-16,1946
23-12-2008 19:14,ATL,COS,1,DL,61,1185
23-12-2008 06:07,ATL,LAX,1,DL,-14,1946
23-12-2008 10:05,ATL,GPT,0,DL,25,352
23-12-2008 05:58,ATL,PHX,1,DL,-14,1587
23-12-2008 09:05,ATL,PHX,0,DL,18,1587
23-12-2008 11:34,ATL,PHX,1,DL,9,1587
23-12-2008 11:42,ATL,PHX,0,DL,51,1587
23-12-2008 13:30,ATL,PHX,1,DL,-16,1587
23-12-2008 13:26,ATL,PHX,0,DL,4,1587
23-12-2008 10:00,ATL,JFK,0,DL,10,760
23-12-2008 16:53,ATL,PHX,0,DL,38,1587
23-12-2008 19:51,ATL,PHX,1,DL,16,1587
23-12-2008 18:57,ATL,PHX,0,DL,3,1587
23-12-2008 21:48,ATL,PHX,1,DL,-7,1587
23-12-2008 21:36,ATL,PHX,0,DL,21,1587
23-12-2008 15:24,ATL,SFO,0,DL,69,2139
23-12-2008 09:04,ATL,SFO,0,DL,34,2139
23-12-2008 22:03,ATL,SFO,1,DL,74,2139
23-12-2008 16:07,ATL,SFO,0,DL,2,2139
23-12-2008 06:17,ATL,SFO,1,DL,10,2139
23-12-2008 09:45,ATL,SFO,0,DL,0,2139
23-12-2008 12:43,ATL,LAS,1,DL,0,1747
23-12-2008 22:08,ATL,SFO,0,DL,38,2139
23-12-2008 16:35,ATL,LAS,1,DL,0,1747
23-12-2008 09:35,ATL,LAS,0,DL,0,1747
23-12-2008 11:23,ATL,LAS,0,DL,23,1747
23-12-2008 20:19,ATL,LAS,1,DL,1,1747
23-12-2008 06:59,ATL,LAS,1,DL,25,1747
23-12-2008 22:06,ATL,LAS,0,DL,16,1747
23-12-2008 20:41,ATL,BZN,1,DL,37,1641
23-12-2008 13:15,ATL,LAX,1,DL,-20,1946
23-12-2008 19:12,ATL,AUS,1,DL,-9,813
23-12-2008 20:16,ATL,MEM,1,DL,51,332
23-12-2008 13:45,JFK,ATL,0,DL,0,760
23-12-2008 05:59,JFK,ATL,0,DL,-1,760
23-12-2008 13:36,ATL,LAX,0,DL,6,1946
23-12-2008 12:11,ATL,COS,0,DL,50,1185
23-12-2008 08:58,ATL,MEM,1,DL,43,332
23-12-2008 11:21,ATL,AUS,0,DL,14,813
23-12-2008 16:07,ATL,GPT,0,DL,12,352
23-12-2008 21:45,ATL,MEM,0,DL,9,332
23-12-2008 11:56,ATL,BZN,0,DL,41,1641
23-12-2008 13:24,ATL,GPT,1,DL,23,352
23-12-2008 13:30,ATL,LAS,0,DL,5,1747
23-12-2008 16:17,ATL,MEM,0,DL,22,332
23-12-2008 22:06,ATL,LAS,1,DL,6,1747
23-12-2008 07:36,ATL,BOS,0,DL,0,946
23-12-2008 09:17,ATL,BOS,1,DL,17,946
23-12-2008 08:40,ATL,BOS,0,DL,0,946
23-12-2008 11:11,ATL,BOS,1,DL,59,946
23-12-2008 10:00,ATL,BOS,0,DL,15,946
23-12-2008 11:25,ATL,BOS,1,DL,-5,946
23-12-2008 10:03,ATL,AUS,1,DL,-1,813
23-12-2008 11:07,ATL,BOS,0,DL,17,946
23-12-2008 13:38,ATL,BOS,1,DL,28,946
23-12-2008 13:56,ATL,AUS,0,DL,0,813
23-12-2008 12:17,ATL,BOS,0,DL,12,946
23-12-2008 14:11,ATL,BOS,1,DL,3,946
23-12-2008 14:04,ATL,BOS,0,DL,34,946
23-12-2008 15:26,ATL,BOS,1,DL,15,946
23-12-2008 14:36,ATL,BOS,0,DL,1,946
23-12-2008 16:45,ATL,BOS,1,DL,35,946
23-12-2008 16:32,ATL,BOS,0,DL,27,946
23-12-2008 18:38,ATL,BOS,1,DL,57,946
23-12-2008 17:50,ATL,BOS,0,DL,15,946
23-12-2008 18:51,ATL,BOS,1,DL,7,946
23-12-2008 19:02,ATL,BOS,0,DL,17,946
23-12-2008 20:35,ATL,BOS,1,DL,48,946
23-12-2008 20:19,ATL,BOS,0,DL,19,946
23-12-2008 21:18,ATL,BOS,1,DL,23,946
23-12-2008 22:23,ATL,BOS,0,DL,53,946
23-12-2008 22:34,ATL,BOS,1,DL,39,946
23-12-2008 19:08,ATL,AUS,0,DL,15,813
23-12-2008 06:02,ORD,ATL,0,DL,17,606
23-12-2008 07:22,ORD,ATL,0,DL,22,606
23-12-2008 11:36,ATL,ORD,0,DL,101,606
23-12-2008 15:11,ATL,ORD,0,DL,126,606
23-12-2008 14:02,ORD,ATL,0,DL,127,606
23-12-2008 17:36,ATL,ORD,0,DL,31,606
23-12-2008 18:11,ORD,ATL,0,DL,201,606
23-12-2008 19:16,ATL,GPT,1,DL,1,352
23-12-2008 21:49,ATL,ORD,0,DL,109,606
23-12-2008 22:51,ATL,ORD,0,DL,91,606
23-12-2008 20:28,ORD,ATL,0,DL,93,606
23-12-2008 16:23,ATL,AUS,1,DL,-7,813
23-12-2008 20:05,ATL,SFO,1,DL,40,2139
23-12-2008 06:55,ATL,SFO,1,DL,-16,2139
24-12-2008 08:48,JFK,LAX,0,DL,18,2475
24-12-2008 15:43,ATL,LAS,0,DL,13,1747
24-12-2008 19:02,JFK,LAX,1,DL,-38,2475
24-12-2008 18:05,JFK,BOS,1,DL,150,187
24-12-2008 19:45,JFK,BOS,0,DL,196,187
24-12-2008 13:04,ATL,SFO,1,DL,-31,2139
24-12-2008 18:56,ATL,SFO,0,DL,1,2139
24-12-2008 19:06,ATL,LAX,1,DL,4,1946
24-12-2008 17:47,ATL,PHX,1,DL,14,1587
24-12-2008 19:07,ATL,LAX,0,DL,12,1946
24-12-2008 18:52,ATL,LAS,1,DL,-24,1747
24-12-2008 19:11,ATL,LAS,0,DL,12,1747
24-12-2008 15:15,ATL,SFO,1,DL,-2,2139
24-12-2008 18:10,ATL,SFO,0,DL,30,2139
24-12-2008 15:17,JFK,SFO,1,DL,15,2586
24-12-2008 19:15,JFK,SFO,0,DL,-5,2586
24-12-2008 16:46,JFK,LAX,1,DL,-23,2475
24-12-2008 16:40,JFK,LAX,0,DL,0,2475
24-12-2008 13:27,JFK,LAX,0,DL,17,2475
24-12-2008 16:41,ATL,JFK,0,DL,56,760
24-12-2008 17:56,ATL,LAX,1,DL,22,1946
24-12-2008 17:51,ATL,LAS,1,DL,-3,1747
24-12-2008 08:44,ATL,LAX,0,DL,9,1946
24-12-2008 17:49,ATL,LAS,0,DL,29,1747
24-12-2008 16:06,ATL,LAX,1,DL,2,1946
24-12-2008 17:37,ATL,LAX,0,DL,7,1946
24-12-2008 20:07,JFK,LAS,1,DL,-7,2248
24-12-2008 13:31,ATL,LAS,1,DL,-13,1747
24-12-2008 16:10,ATL,LAX,0,DL,0,1946
24-12-2008 14:22,JFK,LAS,1,DL,-19,2248
24-12-2008 08:40,JFK,SFO,0,DL,5,2586
24-12-2008 13:43,ATL,JFK,0,DL,53,760
24-12-2008 19:05,JFK,LAX,0,DL,10,2475
24-12-2008 16:43,JFK,LAS,0,DL,-2,2248
24-12-2008 17:23,JFK,SFO,1,DL,-29,2586
24-12-2008 20:31,ATL,LAX,1,DL,36,1946
24-12-2008 19:12,JFK,ATL,0,DL,17,760
24-12-2008 14:44,JFK,LAX,1,DL,-10,2475
24-12-2008 21:07,JFK,LAX,1,DL,-26,2475
24-12-2008 08:30,JFK,ATL,0,DL,0,760
24-12-2008 21:30,ATL,JFK,0,DL,0,760
24-12-2008 17:20,JFK,ATL,0,DL,40,760
24-12-2008 21:10,ATL,LAX,0,DL,-5,1946
24-12-2008 06:58,JFK,LAX,0,DL,-2,2475
24-12-2008 11:13,JFK,LAX,0,DL,-2,2475
24-12-2008 23:47,JFK,LAX,1,DL,-4,2475
24-12-2008 08:48,JFK,SFO,0,DL,13,2586
24-12-2008 06:07,JFK,SFO,1,DL,-23,2586
24-12-2008 07:56,JFK,LAS,0,DL,-4,2248
24-12-2008 09:53,JFK,LAS,0,DL,3,2248
24-12-2008 06:21,JFK,LAS,1,DL,-39,2248
24-12-2008 16:53,JFK,PHX,0,DL,3,2153
24-12-2008 13:22,JFK,PHX,1,DL,-23,2153
24-12-2008 06:53,JFK,LAX,1,DL,-23,2475
24-12-2008 17:43,ATL,MEM,1,DL,13,332
24-12-2008 07:20,ATL,LAX,1,DL,-20,1946
24-12-2008 07:37,ATL,LAX,0,DL,7,1946
24-12-2008 14:34,ATL,LAX,1,DL,-15,1946
24-12-2008 10:11,ATL,LAX,0,DL,21,1946
24-12-2008 10:57,ATL,LAX,0,DL,-3,1946
24-12-2008 14:36,ATL,LAX,0,DL,1,1946
24-12-2008 21:15,ATL,LAX,1,DL,0,1946
24-12-2008 23:49,ATL,LAX,1,DL,39,1946
24-12-2008 18:02,ATL,COS,1,DL,-11,1185
24-12-2008 06:07,ATL,LAX,1,DL,-14,1946
24-12-2008 05:57,ATL,PHX,1,DL,-15,1587
24-12-2008 09:05,ATL,PHX,0,DL,18,1587
24-12-2008 11:13,ATL,PHX,1,DL,-12,1587
24-12-2008 11:11,ATL,PHX,0,DL,20,1587
24-12-2008 13:39,ATL,PHX,1,DL,-7,1587
24-12-2008 10:12,ATL,JFK,0,DL,22,760
24-12-2008 18:59,ATL,PHX,0,DL,5,1587
24-12-2008 15:40,ATL,SFO,0,DL,85,2139
24-12-2008 08:30,ATL,SFO,0,DL,0,2139
24-12-2008 22:44,ATL,SFO,1,DL,115,2139
24-12-2008 17:29,ATL,SFO,0,DL,84,2139
24-12-2008 06:02,ATL,SFO,1,DL,-5,2139
24-12-2008 11:38,ATL,SFO,0,DL,113,2139
24-12-2008 12:44,ATL,LAS,1,DL,1,1747
24-12-2008 16:25,ATL,LAS,1,DL,-10,1747
24-12-2008 09:36,ATL,LAS,0,DL,1,1747
24-12-2008 11:15,ATL,LAS,0,DL,15,1747
24-12-2008 20:11,ATL,LAS,1,DL,-7,1747
24-12-2008 06:17,ATL,LAS,1,DL,-17,1747
24-12-2008 21:55,ATL,LAS,0,DL,5,1747
24-12-2008 13:27,ATL,LAX,1,DL,-8,1946
24-12-2008 19:28,ATL,AUS,1,DL,7,813
24-12-2008 13:51,JFK,ATL,0,DL,6,760
24-12-2008 05:57,JFK,ATL,0,DL,-3,760
24-12-2008 13:25,ATL,LAX,0,DL,-5,1946
24-12-2008 11:19,ATL,COS,0,DL,-2,1185
24-12-2008 08:24,ATL,MEM,1,DL,9,332
24-12-2008 14:14,ATL,MEM,0,DL,9,332
24-12-2008 13:47,ATL,LAS,0,DL,22,1747
24-12-2008 21:47,ATL,LAS,1,DL,-13,1747
24-12-2008 07:31,ATL,BOS,0,DL,-5,946
24-12-2008 09:16,ATL,BOS,1,DL,16,946
24-12-2008 08:36,ATL,BOS,0,DL,-4,946
24-12-2008 10:37,ATL,BOS,1,DL,25,946
24-12-2008 11:37,ATL,BOS,1,DL,7,946
24-12-2008 10:22,ATL,AUS,1,DL,18,813
24-12-2008 11:06,ATL,BOS,0,DL,16,946
24-12-2008 13:20,ATL,BOS,1,DL,10,946
24-12-2008 13:56,ATL,AUS,0,DL,0,813
24-12-2008 12:04,ATL,BOS,0,DL,-1,946
24-12-2008 14:20,ATL,BOS,1,DL,12,946
24-12-2008 15:48,ATL,BOS,1,DL,37,946
24-12-2008 17:51,ATL,BOS,1,DL,10,946
24-12-2008 19:00,ATL,BOS,0,DL,15,946
24-12-2008 20:03,ATL,BOS,0,DL,3,946
24-12-2008 20:43,ATL,BOS,1,DL,8,946
24-12-2008 21:38,ATL,BOS,0,DL,8,946
24-12-2008 07:29,ATL,ORD,0,DL,-1,606
24-12-2008 06:02,ORD,ATL,0,DL,17,606
24-12-2008 07:02,ORD,ATL,0,DL,2,606
24-12-2008 09:15,ORD,ATL,0,DL,0,606
24-12-2008 17:15,ATL,ORD,0,DL,10,606
24-12-2008 19:31,ATL,SFO,1,DL,6,2139
25-12-2008 08:29,JFK,LAX,0,DL,-1,2475
25-12-2008 16:14,ATL,LAS,0,DL,44,1747
25-12-2008 15:31,JFK,BOS,1,DL,-4,187
25-12-2008 16:27,JFK,BOS,0,DL,-2,187
25-12-2008 13:55,ATL,SFO,1,DL,20,2139
25-12-2008 19:04,ATL,SFO,0,DL,9,2139
25-12-2008 19:15,ATL,LAX,1,DL,13,1946
25-12-2008 17:26,ATL,PHX,1,DL,-7,1587
25-12-2008 19:01,ATL,LAX,0,DL,6,1946
25-12-2008 19:10,ATL,LAS,1,DL,-5,1747
25-12-2008 18:56,ATL,LAS,0,DL,-3,1747
25-12-2008 17:44,ATL,SFO,0,DL,4,2139
25-12-2008 15:18,JFK,SFO,1,DL,16,2586
25-12-2008 16:51,JFK,LAX,1,DL,-18,2475
25-12-2008 16:39,JFK,LAX,0,DL,-1,2475
25-12-2008 13:25,JFK,LAX,0,DL,15,2475
25-12-2008 15:45,ATL,JFK,0,DL,0,760
25-12-2008 17:16,ATL,LAX,1,DL,-18,1946
25-12-2008 08:30,ATL,LAS,0,DL,0,1747
25-12-2008 18:03,ATL,LAS,1,DL,9,1747
25-12-2008 08:42,ATL,LAX,0,DL,7,1946
25-12-2008 17:20,ATL,LAS,0,DL,0,1747
25-12-2008 16:26,ATL,LAX,1,DL,22,1946
25-12-2008 17:23,ATL,LAX,0,DL,-7,1946
25-12-2008 13:50,ATL,LAS,1,DL,6,1747
25-12-2008 16:10,ATL,LAX,0,DL,0,1946
25-12-2008 14:12,JFK,LAS,1,DL,-29,2248
25-12-2008 12:48,ATL,JFK,0,DL,-2,760
25-12-2008 16:43,JFK,SFO,0,DL,-2,2586
25-12-2008 19:18,JFK,LAX,0,DL,23,2475
25-12-2008 16:39,JFK,LAS,0,DL,-6,2248
25-12-2008 17:27,JFK,SFO,1,DL,-25,2586
25-12-2008 19:57,ATL,LAX,1,DL,2,1946
25-12-2008 18:54,JFK,ATL,0,DL,-1,760
25-12-2008 15:08,JFK,LAX,1,DL,14,2475
25-12-2008 21:13,JFK,LAX,1,DL,-20,2475
25-12-2008 08:34,JFK,ATL,0,DL,4,760
25-12-2008 21:26,ATL,JFK,0,DL,-4,760
25-12-2008 17:05,JFK,ATL,0,DL,25,760
25-12-2008 21:21,ATL,LAX,0,DL,6,1946
25-12-2008 12:48,JFK,LAX,0,DL,93,2475
25-12-2008 23:33,JFK,LAX,1,DL,-18,2475
25-12-2008 06:04,JFK,SFO,1,DL,-26,2586
25-12-2008 07:58,JFK,LAS,0,DL,-2,2248
25-12-2008 23:16,JFK,LAS,1,DL,-32,2248
25-12-2008 20:55,JFK,LAS,0,DL,0,2248
25-12-2008 06:30,JFK,LAS,1,DL,-30,2248
25-12-2008 16:46,JFK,PHX,0,DL,-4,2153
25-12-2008 13:08,JFK,PHX,1,DL,-37,2153
25-12-2008 06:26,JFK,LAX,1,DL,-50,2475
25-12-2008 14:23,ATL,LAX,1,DL,-26,1946
25-12-2008 09:51,ATL,LAX,0,DL,1,1946
25-12-2008 11:03,ATL,LAX,0,DL,3,1946
25-12-2008 14:34,ATL,LAX,0,DL,-1,1946
25-12-2008 21:04,ATL,LAX,1,DL,-11,1946
25-12-2008 22:55,ATL,LAX,1,DL,-15,1946
25-12-2008 18:11,ATL,COS,1,DL,-2,1185
25-12-2008 06:07,ATL,LAX,1,DL,-14,1946
25-12-2008 11:18,ATL,PHX,1,DL,-7,1587
25-12-2008 10:49,ATL,PHX,0,DL,-2,1587
25-12-2008 13:18,ATL,PHX,0,DL,-4,1587
25-12-2008 09:59,ATL,JFK,0,DL,9,760
25-12-2008 16:23,ATL,PHX,0,DL,8,1587
25-12-2008 19:21,ATL,PHX,1,DL,-14,1587
25-12-2008 18:56,ATL,PHX,0,DL,2,1587
25-12-2008 14:11,ATL,SFO,0,DL,-4,2139
25-12-2008 20:41,ATL,SFO,1,DL,-8,2139
25-12-2008 15:58,ATL,SFO,0,DL,-7,2139
25-12-2008 09:43,ATL,SFO,0,DL,-2,2139
25-12-2008 16:29,ATL,LAS,1,DL,-6,1747
25-12-2008 09:34,ATL,LAS,0,DL,-1,1747
25-12-2008 11:00,ATL,LAS,0,DL,0,1747
25-12-2008 20:13,ATL,LAS,1,DL,-5,1747
25-12-2008 06:31,ATL,LAS,1,DL,-3,1747
25-12-2008 21:46,ATL,LAS,0,DL,-4,1747
25-12-2008 13:40,ATL,LAX,1,DL,5,1946
25-12-2008 13:52,JFK,ATL,0,DL,7,760
25-12-2008 05:56,JFK,ATL,0,DL,-4,760
25-12-2008 13:27,ATL,LAX,0,DL,-3,1946
25-12-2008 11:28,ATL,COS,0,DL,7,1185
25-12-2008 22:25,ATL,MEM,0,DL,49,332
25-12-2008 09:44,ATL,AUS,0,DL,-1,813
25-12-2008 13:22,ATL,LAS,0,DL,-3,1747
25-12-2008 21:53,ATL,LAS,1,DL,-7,1747
25-12-2008 09:00,ATL,BOS,1,DL,0,946
25-12-2008 08:56,ATL,BOS,0,DL,16,946
25-12-2008 09:55,ATL,BOS,0,DL,10,946
25-12-2008 11:14,ATL,BOS,1,DL,-16,946
25-12-2008 12:03,ATL,BOS,0,DL,-2,946
25-12-2008 14:00,ATL,BOS,1,DL,-8,946
25-12-2008 13:25,ATL,BOS,0,DL,-5,946
25-12-2008 14:53,ATL,BOS,0,DL,18,946
25-12-2008 16:10,ATL,BOS,1,DL,0,946
25-12-2008 16:05,ATL,BOS,0,DL,0,946
25-12-2008 17:28,ATL,BOS,1,DL,-13,946
25-12-2008 17:32,ATL,BOS,0,DL,-3,946
25-12-2008 18:40,ATL,BOS,1,DL,-4,946
25-12-2008 20:28,ATL,BOS,1,DL,-27,946
25-12-2008 21:24,ATL,BOS,0,DL,-6,946
25-12-2008 06:02,ORD,ATL,0,DL,17,606
25-12-2008 09:48,ATL,ORD,0,DL,-7,606
25-12-2008 13:01,ATL,ORD,0,DL,-4,606
25-12-2008 12:04,ORD,ATL,0,DL,9,606
25-12-2008 17:00,ATL,ORD,0,DL,-5,606
25-12-2008 14:48,ORD,ATL,0,DL,-2,606
25-12-2008 21:17,ATL,ORD,0,DL,-3,606
25-12-2008 15:15,ATL,AUS,1,DL,2,813
25-12-2008 19:49,ATL,SFO,1,DL,24,2139
26-12-2008 08:32,JFK,LAX,0,DL,2,2475
26-12-2008 16:45,ATL,LAS,0,DL,75,1747
26-12-2008 23:18,JFK,LAX,1,DL,218,2475
26-12-2008 16:00,JFK,BOS,1,DL,25,187
26-12-2008 16:25,JFK,BOS,0,DL,-4,187
26-12-2008 13:48,ATL,SFO,1,DL,13,2139
26-12-2008 19:18,ATL,SFO,0,DL,23,2139
26-12-2008 19:08,ATL,LAX,1,DL,6,1946
26-12-2008 17:38,ATL,PHX,1,DL,5,1587
26-12-2008 19:37,ATL,LAX,0,DL,42,1946
26-12-2008 19:26,ATL,LAS,1,DL,11,1747
26-12-2008 20:03,ATL,LAS,0,DL,64,1747
26-12-2008 15:12,ATL,SFO,1,DL,-5,2139
26-12-2008 18:13,ATL,SFO,0,DL,33,2139
26-12-2008 15:02,JFK,SFO,1,DL,0,2586
26-12-2008 19:20,JFK,SFO,0,DL,0,2586
26-12-2008 16:46,JFK,LAX,1,DL,-23,2475
26-12-2008 16:57,JFK,LAX,0,DL,17,2475
26-12-2008 14:55,JFK,LAX,0,DL,105,2475
26-12-2008 17:20,ATL,JFK,0,DL,95,760
26-12-2008 17:26,ATL,LAX,1,DL,-8,1946
26-12-2008 08:37,ATL,LAS,0,DL,7,1747
26-12-2008 17:57,ATL,LAS,1,DL,3,1747
26-12-2008 09:01,ATL,LAX,0,DL,26,1946
26-12-2008 17:35,ATL,LAS,0,DL,15,1747
26-12-2008 15:47,ATL,LAX,1,DL,-17,1946
26-12-2008 19:11,ATL,LAX,0,DL,101,1946
26-12-2008 19:54,JFK,LAS,1,DL,-20,2248
26-12-2008 13:59,ATL,LAS,1,DL,15,1747
26-12-2008 16:14,ATL,LAX,0,DL,4,1946
26-12-2008 14:11,JFK,LAS,1,DL,-30,2248
26-12-2008 08:36,JFK,SFO,0,DL,1,2586
26-12-2008 13:24,ATL,JFK,0,DL,34,760
26-12-2008 16:40,JFK,SFO,0,DL,-5,2586
26-12-2008 18:38,JFK,LAX,0,DL,8,2475
26-12-2008 16:42,JFK,LAS,0,DL,-3,2248
26-12-2008 17:15,JFK,SFO,1,DL,-37,2586
26-12-2008 20:46,ATL,LAX,1,DL,51,1946
26-12-2008 19:22,JFK,ATL,0,DL,27,760
26-12-2008 14:22,JFK,LAX,1,DL,-32,2475
26-12-2008 21:35,JFK,LAX,1,DL,2,2475
26-12-2008 08:27,JFK,ATL,0,DL,-3,760
26-12-2008 22:19,ATL,JFK,0,DL,49,760
26-12-2008 17:01,JFK,ATL,0,DL,21,760
26-12-2008 23:12,ATL,LAX,0,DL,117,1946
26-12-2008 06:58,JFK,LAX,0,DL,-2,2475
26-12-2008 11:08,JFK,LAX,0,DL,-7,2475
26-12-2008 23:51,JFK,LAX,1,DL,0,2475
26-12-2008 08:31,JFK,SFO,0,DL,-4,2586
26-12-2008 21:44,JFK,SFO,1,DL,-9,2586
26-12-2008 06:25,JFK,SFO,1,DL,-5,2586
26-12-2008 07:55,JFK,LAS,0,DL,-5,2248
26-12-2008 09:50,JFK,LAS,0,DL,0,2248
26-12-2008 23:56,JFK,LAS,1,DL,8,2248
26-12-2008 22:11,JFK,LAS,0,DL,76,2248
26-12-2008 06:43,JFK,LAS,1,DL,-17,2248
26-12-2008 16:45,JFK,PHX,0,DL,-5,2153
26-12-2008 14:03,JFK,PHX,1,DL,-44,2153
26-12-2008 07:17,JFK,LAX,1,DL,1,2475
26-12-2008 07:46,ATL,LAX,1,DL,6,1946
26-12-2008 07:30,ATL,LAX,0,DL,0,1946
26-12-2008 14:46,ATL,LAX,1,DL,-3,1946
26-12-2008 10:18,ATL,LAX,0,DL,28,1946
26-12-2008 10:57,ATL,LAX,0,DL,-3,1946
26-12-2008 15:03,ATL,LAX,0,DL,28,1946
26-12-2008 21:46,ATL,LAX,1,DL,31,1946
26-12-2008 01:48,ATL,LAX,1,DL,158,1946
26-12-2008 19:48,ATL,COS,1,DL,95,1185
26-12-2008 06:58,ATL,LAX,1,DL,37,1946
26-12-2008 09:44,ATL,GPT,0,DL,4,352
26-12-2008 05:58,ATL,PHX,1,DL,-14,1587
26-12-2008 08:50,ATL,PHX,0,DL,3,1587
26-12-2008 11:54,ATL,PHX,1,DL,29,1587
26-12-2008 11:10,ATL,PHX,0,DL,19,1587
26-12-2008 13:48,ATL,PHX,1,DL,2,1587
26-12-2008 14:09,ATL,PHX,0,DL,47,1587
26-12-2008 09:54,ATL,JFK,0,DL,4,760
26-12-2008 16:23,ATL,PHX,0,DL,8,1587
26-12-2008 20:36,ATL,PHX,1,DL,61,1587
26-12-2008 20:32,ATL,PHX,0,DL,98,1587
26-12-2008 22:43,ATL,PHX,1,DL,48,1587
26-12-2008 21:58,ATL,PHX,0,DL,43,1587
26-12-2008 15:40,ATL,SFO,0,DL,85,2139
26-12-2008 08:36,ATL,SFO,0,DL,6,2139
26-12-2008 20:54,ATL,SFO,1,DL,5,2139
26-12-2008 16:09,ATL,SFO,0,DL,4,2139
26-12-2008 06:46,ATL,SFO,1,DL,39,2139
26-12-2008 09:53,ATL,SFO,0,DL,8,2139
26-12-2008 13:10,ATL,LAS,1,DL,27,1747
26-12-2008 21:59,ATL,SFO,0,DL,29,2139
26-12-2008 16:55,ATL,LAS,1,DL,20,1747
26-12-2008 09:51,ATL,LAS,0,DL,16,1747
26-12-2008 11:39,ATL,LAS,0,DL,39,1747
26-12-2008 21:44,ATL,LAS,1,DL,86,1747
26-12-2008 07:09,ATL,LAS,1,DL,35,1747
26-12-2008 23:23,ATL,LAS,0,DL,93,1747
26-12-2008 13:44,ATL,LAX,1,DL,9,1946
26-12-2008 21:24,ATL,AUS,1,DL,123,813
26-12-2008 22:36,ATL,MEM,1,DL,191,332
26-12-2008 14:32,JFK,ATL,0,DL,47,760
26-12-2008 22:09,ATL,HSV,0,DL,118,151
26-12-2008 05:59,JFK,ATL,0,DL,-1,760
26-12-2008 15:19,ATL,LAX,0,DL,109,1946
26-12-2008 12:09,ATL,COS,0,DL,48,1185
26-12-2008 08:08,ATL,MEM,1,DL,-7,332
26-12-2008 10:20,ATL,AUS,0,DL,35,813
26-12-2008 16:34,ATL,GPT,0,DL,39,352
26-12-2008 23:24,ATL,MEM,0,DL,108,332
26-12-2008 11:36,ATL,BZN,0,DL,21,1641
26-12-2008 15:49,ATL,GPT,1,DL,168,352
26-12-2008 14:00,ATL,LAS,0,DL,35,1747
26-12-2008 17:50,ATL,MEM,0,DL,115,332
26-12-2008 22:27,ATL,LAS,1,DL,27,1747
26-12-2008 07:29,ATL,BOS,0,DL,-7,946
26-12-2008 08:43,ATL,BOS,1,DL,-17,946
26-12-2008 09:02,ATL,BOS,0,DL,22,946
26-12-2008 10:25,ATL,BOS,1,DL,13,946
26-12-2008 09:50,ATL,BOS,0,DL,5,946
26-12-2008 11:54,ATL,BOS,1,DL,24,946
26-12-2008 10:52,ATL,BOS,0,DL,2,946
26-12-2008 13:10,ATL,BOS,1,DL,0,946
26-12-2008 14:35,ATL,AUS,0,DL,39,813
26-12-2008 12:13,ATL,BOS,0,DL,8,946
26-12-2008 14:23,ATL,BOS,1,DL,15,946
26-12-2008 16:53,ATL,BOS,1,DL,102,946
26-12-2008 15:27,ATL,BOS,0,DL,52,946
26-12-2008 18:44,ATL,BOS,1,DL,154,946
26-12-2008 19:13,ATL,BOS,0,DL,188,946
26-12-2008 19:02,ATL,BOS,0,DL,87,946
26-12-2008 21:28,ATL,BOS,1,DL,164,946
26-12-2008 20:43,ATL,BOS,0,DL,118,946
26-12-2008 22:47,ATL,BOS,0,DL,167,946
26-12-2008 22:27,ATL,BOS,1,DL,92,946
26-12-2008 23:01,ATL,BOS,0,DL,91,946
26-12-2008 22:38,ATL,BOS,1,DL,43,946
26-12-2008 21:26,ATL,AUS,0,DL,153,813
26-12-2008 07:56,ATL,ORD,0,DL,26,606
26-12-2008 06:34,ORD,ATL,0,DL,49,606
26-12-2008 08:09,ORD,ATL,0,DL,69,606
26-12-2008 10:04,ATL,ORD,0,DL,9,606
26-12-2008 10:53,ORD,ATL,0,DL,98,606
26-12-2008 14:54,ATL,ORD,0,DL,109,606
26-12-2008 15:33,ATL,ORD,0,DL,38,606
26-12-2008 13:04,ORD,ATL,0,DL,69,606
26-12-2008 18:59,ATL,ORD,0,DL,114,606
26-12-2008 17:11,ORD,ATL,0,DL,141,606
26-12-2008 22:12,ATL,ORD,0,DL,132,606
26-12-2008 19:19,ORD,ATL,0,DL,139,606
26-12-2008 00:02,ATL,ORD,0,DL,162,606
26-12-2008 21:19,ORD,ATL,0,DL,144,606
26-12-2008 17:52,ATL,AUS,1,DL,159,813
26-12-2008 19:32,ATL,SFO,1,DL,7,2139
26-12-2008 07:23,ATL,SFO,1,DL,12,2139
27-12-2008 08:56,JFK,LAX,0,DL,26,2475
27-12-2008 15:48,ATL,LAS,0,DL,18,1747
27-12-2008 16:36,JFK,BOS,1,DL,61,187
27-12-2008 17:15,JFK,BOS,0,DL,46,187
27-12-2008 13:33,ATL,SFO,1,DL,-2,2139
27-12-2008 19:54,ATL,SFO,0,DL,59,2139
27-12-2008 19:35,ATL,LAX,1,DL,33,1946
27-12-2008 17:32,ATL,PHX,1,DL,-1,1587
27-12-2008 19:42,ATL,LAX,0,DL,47,1946
27-12-2008 19:32,ATL,LAS,1,DL,16,1747
27-12-2008 19:26,ATL,LAS,0,DL,27,1747
27-12-2008 15:14,ATL,SFO,1,DL,-3,2139
27-12-2008 17:55,ATL,SFO,0,DL,15,2139
27-12-2008 14:58,JFK,SFO,1,DL,-4,2586
27-12-2008 19:54,JFK,SFO,0,DL,34,2586
27-12-2008 17:26,JFK,LAX,1,DL,17,2475
27-12-2008 16:39,JFK,LAX,0,DL,-1,2475
27-12-2008 13:44,JFK,LAX,0,DL,34,2475
27-12-2008 17:02,ATL,JFK,0,DL,77,760
27-12-2008 18:08,ATL,LAS,1,DL,14,1747
27-12-2008 08:39,ATL,LAX,0,DL,4,1946
27-12-2008 18:52,ATL,LAS,0,DL,92,1747
27-12-2008 16:21,ATL,LAX,1,DL,17,1946
27-12-2008 17:34,ATL,LAX,0,DL,4,1946
27-12-2008 13:49,ATL,LAS,1,DL,5,1747
27-12-2008 16:15,ATL,LAX,0,DL,5,1946
27-12-2008 08:45,JFK,SFO,0,DL,10,2586
27-12-2008 12:55,ATL,JFK,0,DL,5,760
27-12-2008 16:42,JFK,SFO,0,DL,-3,2586
27-12-2008 18:51,JFK,LAX,0,DL,-4,2475
27-12-2008 16:43,JFK,LAS,0,DL,-2,2248
27-12-2008 17:54,JFK,SFO,1,DL,2,2586
27-12-2008 21:16,ATL,LAX,1,DL,81,1946
27-12-2008 19:03,JFK,ATL,0,DL,8,760
27-12-2008 15:00,JFK,LAX,1,DL,6,2475
27-12-2008 21:54,JFK,LAX,1,DL,21,2475
27-12-2008 08:45,JFK,ATL,0,DL,15,760
27-12-2008 21:43,ATL,JFK,0,DL,13,760
27-12-2008 16:40,JFK,ATL,0,DL,0,760
27-12-2008 21:30,ATL,LAX,0,DL,15,1946
27-12-2008 00:30,JFK,LAX,1,DL,39,2475
27-12-2008 21:55,JFK,SFO,1,DL,2,2586
27-12-2008 06:21,JFK,SFO,1,DL,-9,2586
27-12-2008 07:59,JFK,LAS,0,DL,-1,2248
27-12-2008 00:46,JFK,LAS,1,DL,58,2248
27-12-2008 22:42,JFK,LAS,0,DL,107,2248
27-12-2008 07:05,JFK,LAS,1,DL,5,2248
27-12-2008 17:15,JFK,PHX,0,DL,25,2153
27-12-2008 14:12,JFK,PHX,1,DL,27,2153
27-12-2008 07:16,JFK,LAX,1,DL,0,2475
27-12-2008 07:51,ATL,LAX,1,DL,11,1946
27-12-2008 14:41,ATL,LAX,1,DL,-8,1946
27-12-2008 10:41,ATL,LAX,0,DL,51,1946
27-12-2008 11:21,ATL,LAX,0,DL,21,1946
27-12-2008 14:46,ATL,LAX,0,DL,11,1946
27-12-2008 21:32,ATL,LAX,1,DL,17,1946
27-12-2008 08:10,ATL,LAX,1,DL,109,1946
27-12-2008 09:36,ATL,HSV,1,DL,59,151
27-12-2008 06:11,ATL,PHX,1,DL,-1,1587
27-12-2008 08:46,ATL,PHX,0,DL,-1,1587
27-12-2008 12:10,ATL,PHX,1,DL,45,1587
27-12-2008 11:03,ATL,PHX,0,DL,12,1587
27-12-2008 13:43,ATL,PHX,1,DL,-3,1587
27-12-2008 13:49,ATL,PHX,0,DL,24,1587
27-12-2008 09:51,ATL,JFK,0,DL,1,760
27-12-2008 16:13,ATL,PHX,0,DL,-2,1587
27-12-2008 19:44,ATL,PHX,1,DL,9,1587
27-12-2008 19:46,ATL,PHX,0,DL,52,1587
27-12-2008 22:20,ATL,PHX,1,DL,25,1587
27-12-2008 21:15,ATL,PHX,0,DL,0,1587
27-12-2008 14:37,ATL,SFO,0,DL,22,2139
27-12-2008 08:41,ATL,SFO,0,DL,11,2139
27-12-2008 20:56,ATL,SFO,1,DL,7,2139
27-12-2008 16:09,ATL,SFO,0,DL,4,2139
27-12-2008 07:12,ATL,SFO,1,DL,65,2139
27-12-2008 09:58,ATL,SFO,0,DL,13,2139
27-12-2008 15:16,ATL,LAS,1,DL,153,1747
27-12-2008 21:43,ATL,SFO,0,DL,13,2139
27-12-2008 17:11,ATL,LAS,1,DL,36,1747
27-12-2008 09:44,ATL,LAS,0,DL,9,1747
27-12-2008 12:29,ATL,LAS,0,DL,89,1747
27-12-2008 21:59,ATL,LAS,1,DL,101,1747
27-12-2008 06:33,ATL,LAS,1,DL,-1,1747
27-12-2008 22:45,ATL,LAS,0,DL,55,1747
27-12-2008 20:33,ATL,BZN,1,DL,29,1641
27-12-2008 13:43,ATL,LAX,1,DL,8,1946
27-12-2008 20:28,ATL,MEM,1,DL,63,332
27-12-2008 14:17,JFK,ATL,0,DL,32,760
27-12-2008 05:59,JFK,ATL,0,DL,-1,760
27-12-2008 13:32,ATL,LAX,0,DL,2,1946
27-12-2008 08:08,ATL,MEM,1,DL,-7,332
27-12-2008 16:35,ATL,GPT,0,DL,40,352
27-12-2008 22:01,ATL,MEM,0,DL,25,332
27-12-2008 11:33,ATL,BZN,0,DL,18,1641
27-12-2008 13:51,ATL,LAS,0,DL,26,1747
27-12-2008 16:35,ATL,MEM,0,DL,40,332
27-12-2008 23:16,ATL,LAS,1,DL,76,1747
27-12-2008 08:57,ATL,BOS,1,DL,-3,946
27-12-2008 08:39,ATL,BOS,0,DL,-1,946
27-12-2008 12:01,ATL,BOS,0,DL,136,946
27-12-2008 11:15,ATL,BOS,1,DL,-15,946
27-12-2008 12:47,ATL,AUS,1,DL,163,813
27-12-2008 11:03,ATL,BOS,0,DL,13,946
27-12-2008 13:05,ATL,BOS,1,DL,-5,946
27-12-2008 12:15,ATL,BOS,0,DL,10,946
27-12-2008 18:36,ATL,BOS,1,DL,268,946
27-12-2008 13:47,ATL,BOS,0,DL,17,946
27-12-2008 15:06,ATL,BOS,1,DL,-5,946
27-12-2008 15:03,ATL,BOS,0,DL,28,946
27-12-2008 18:13,ATL,BOS,1,DL,123,946
27-12-2008 17:49,ATL,BOS,1,DL,8,946
27-12-2008 19:04,ATL,BOS,1,DL,20,946
27-12-2008 18:43,ATL,BOS,0,DL,-2,946
27-12-2008 19:52,ATL,BOS,1,DL,5,946
27-12-2008 20:28,ATL,BOS,0,DL,28,946
27-12-2008 21:22,ATL,BOS,1,DL,22,946
27-12-2008 21:55,ATL,BOS,0,DL,25,946
27-12-2008 20:59,ATL,AUS,0,DL,126,813
27-12-2008 06:04,ORD,ATL,0,DL,19,606
27-12-2008 07:08,ORD,ATL,0,DL,8,606
27-12-2008 10:28,ATL,ORD,0,DL,33,606
27-12-2008 13:48,ATL,ORD,0,DL,43,606
27-12-2008 12:39,ORD,ATL,0,DL,44,606
27-12-2008 17:03,ATL,ORD,0,DL,-2,606
27-12-2008 17:32,ORD,ATL,0,DL,162,606
27-12-2008 20:43,ATL,GPT,1,DL,88,352
27-12-2008 22:04,ATL,ORD,0,DL,124,606
27-12-2008 23:33,ATL,ORD,0,DL,133,606
27-12-2008 20:33,ORD,ATL,0,DL,98,606
27-12-2008 19:32,ATL,SFO,1,DL,7,2139
27-12-2008 07:12,ATL,SFO,1,DL,1,2139
28-12-2008 08:49,JFK,LAX,0,DL,19,2475
28-12-2008 15:46,ATL,LAS,0,DL,16,1747
28-12-2008 16:51,JFK,BOS,1,DL,76,187
28-12-2008 17:42,JFK,BOS,0,DL,73,187
28-12-2008 13:21,ATL,SFO,1,DL,-14,2139
28-12-2008 19:11,ATL,SFO,0,DL,16,2139
28-12-2008 18:57,ATL,LAX,1,DL,-5,1946
28-12-2008 17:23,ATL,PHX,1,DL,-10,1587
28-12-2008 19:08,ATL,LAX,0,DL,13,1946
28-12-2008 19:26,ATL,LAS,1,DL,10,1747
28-12-2008 19:03,ATL,LAS,0,DL,4,1747
28-12-2008 15:03,ATL,SFO,1,DL,-14,2139
28-12-2008 17:38,ATL,SFO,0,DL,-2,2139
28-12-2008 14:46,JFK,SFO,1,DL,-16,2586
28-12-2008 19:19,JFK,SFO,0,DL,-1,2586
28-12-2008 17:05,JFK,LAX,1,DL,-4,2475
28-12-2008 17:16,JFK,LAX,0,DL,36,2475
28-12-2008 13:48,JFK,LAX,0,DL,38,2475
28-12-2008 15:53,ATL,JFK,0,DL,8,760
28-12-2008 17:52,ATL,LAS,1,DL,-2,1747
28-12-2008 08:34,ATL,LAX,0,DL,-1,1946
28-12-2008 17:26,ATL,LAS,0,DL,6,1747
28-12-2008 16:50,ATL,LAX,1,DL,46,1946
28-12-2008 20:56,ATL,LAX,0,DL,206,1946
28-12-2008 19:42,JFK,LAS,1,DL,-32,2248
28-12-2008 13:55,ATL,LAS,1,DL,11,1747
28-12-2008 16:07,ATL,LAX,0,DL,-3,1946
28-12-2008 14:58,JFK,LAS,1,DL,17,2248
28-12-2008 13:05,ATL,JFK,0,DL,15,760
28-12-2008 16:44,JFK,SFO,0,DL,-1,2586
28-12-2008 18:51,JFK,LAX,0,DL,-4,2475
28-12-2008 16:47,JFK,LAS,0,DL,2,2248
28-12-2008 18:02,JFK,SFO,1,DL,10,2586
28-12-2008 20:29,ATL,LAX,1,DL,34,1946
28-12-2008 19:01,JFK,ATL,0,DL,6,760
28-12-2008 15:14,JFK,LAX,1,DL,20,2475
28-12-2008 21:12,JFK,LAX,1,DL,-21,2475
28-12-2008 08:30,JFK,ATL,0,DL,0,760
28-12-2008 22:31,ATL,JFK,0,DL,61,760
28-12-2008 16:40,JFK,ATL,0,DL,0,760
28-12-2008 21:25,ATL,LAX,0,DL,10,1946
28-12-2008 11:31,JFK,LAX,0,DL,16,2475
28-12-2008 23:38,JFK,LAX,1,DL,-13,2475
28-12-2008 21:46,JFK,SFO,1,DL,-19,2586
28-12-2008 06:10,JFK,SFO,1,DL,-20,2586
28-12-2008 08:07,JFK,LAS,0,DL,7,2248
28-12-2008 09:47,JFK,LAS,0,DL,-3,2248
28-12-2008 23:44,JFK,LAS,1,DL,-4,2248
28-12-2008 20:51,JFK,LAS,0,DL,-4,2248
28-12-2008 07:12,JFK,LAS,1,DL,12,2248
28-12-2008 17:13,JFK,PHX,0,DL,23,2153
28-12-2008 15:34,JFK,PHX,1,DL,47,2153
28-12-2008 07:02,JFK,LAX,1,DL,-14,2475
28-12-2008 17:48,ATL,MEM,1,DL,18,332
28-12-2008 08:12,ATL,LAX,1,DL,32,1946
28-12-2008 14:58,ATL,LAX,1,DL,9,1946
28-12-2008 09:52,ATL,LAX,0,DL,2,1946
28-12-2008 10:58,ATL,LAX,0,DL,-2,1946
28-12-2008 14:57,ATL,LAX,0,DL,22,1946
28-12-2008 21:35,ATL,LAX,1,DL,20,1946
28-12-2008 22:59,ATL,LAX,1,DL,-11,1946
28-12-2008 18:53,ATL,COS,1,DL,40,1185
28-12-2008 06:17,ATL,LAX,1,DL,-4,1946
28-12-2008 06:02,ATL,PHX,1,DL,-10,1587
28-12-2008 09:06,ATL,PHX,0,DL,19,1587
28-12-2008 14:47,ATL,PHX,1,DL,202,1587
28-12-2008 11:04,ATL,PHX,0,DL,13,1587
28-12-2008 14:15,ATL,PHX,1,DL,29,1587
28-12-2008 13:23,ATL,PHX,0,DL,1,1587
28-12-2008 10:21,ATL,JFK,0,DL,31,760
28-12-2008 16:14,ATL,PHX,0,DL,-1,1587
28-12-2008 19:35,ATL,PHX,1,DL,0,1587
28-12-2008 19:36,ATL,PHX,0,DL,42,1587
28-12-2008 21:57,ATL,PHX,1,DL,2,1587
28-12-2008 22:07,ATL,PHX,0,DL,52,1587
28-12-2008 14:46,ATL,SFO,0,DL,31,2139
28-12-2008 09:41,ATL,SFO,0,DL,71,2139
28-12-2008 20:56,ATL,SFO,1,DL,7,2139
28-12-2008 16:14,ATL,SFO,0,DL,9,2139
28-12-2008 06:14,ATL,SFO,1,DL,7,2139
28-12-2008 09:40,ATL,SFO,0,DL,-5,2139
28-12-2008 13:02,ATL,LAS,1,DL,19,1747
28-12-2008 22:17,ATL,SFO,0,DL,47,2139
28-12-2008 16:37,ATL,LAS,1,DL,2,1747
28-12-2008 08:29,ATL,LAS,0,DL,-1,1747
28-12-2008 09:37,ATL,LAS,0,DL,2,1747
28-12-2008 11:07,ATL,LAS,0,DL,7,1747
28-12-2008 20:33,ATL,LAS,1,DL,15,1747
28-12-2008 06:24,ATL,LAS,1,DL,-10,1747
28-12-2008 22:15,ATL,LAS,0,DL,25,1747
28-12-2008 21:09,ATL,BZN,1,DL,65,1641
28-12-2008 13:31,ATL,LAX,1,DL,-4,1946
28-12-2008 19:52,ATL,AUS,1,DL,31,813
28-12-2008 19:17,ATL,MEM,1,DL,-8,332
28-12-2008 14:03,JFK,ATL,0,DL,18,760
28-12-2008 05:56,JFK,ATL,0,DL,-4,760
28-12-2008 14:32,ATL,LAX,0,DL,62,1946
28-12-2008 11:42,ATL,COS,0,DL,21,1185
28-12-2008 08:20,ATL,MEM,1,DL,5,332
28-12-2008 11:25,ATL,AUS,0,DL,18,813
28-12-2008 14:29,ATL,MEM,0,DL,24,332
28-12-2008 16:08,ATL,GPT,0,DL,13,352
28-12-2008 21:58,ATL,MEM,0,DL,22,332
28-12-2008 11:25,ATL,BZN,0,DL,10,1641
28-12-2008 13:30,ATL,LAS,0,DL,5,1747
28-12-2008 15:56,ATL,MEM,0,DL,1,332
28-12-2008 22:28,ATL,LAS,1,DL,28,1747
28-12-2008 07:36,ATL,BOS,0,DL,0,946
28-12-2008 08:42,ATL,BOS,1,DL,-18,946
28-12-2008 08:58,ATL,BOS,0,DL,18,946
28-12-2008 10:11,ATL,BOS,1,DL,-1,946
28-12-2008 09:41,ATL,BOS,0,DL,-4,946
28-12-2008 11:23,ATL,BOS,1,DL,-7,946
28-12-2008 11:21,ATL,AUS,1,DL,77,813
28-12-2008 11:33,ATL,BOS,0,DL,43,946
28-12-2008 13:00,ATL,BOS,1,DL,-10,946
28-12-2008 14:07,ATL,AUS,0,DL,11,813
28-12-2008 12:28,ATL,BOS,0,DL,23,946
28-12-2008 13:58,ATL,BOS,1,DL,-10,946
28-12-2008 14:09,ATL,BOS,0,DL,39,946
28-12-2008 15:32,ATL,BOS,1,DL,21,946
28-12-2008 14:38,ATL,BOS,0,DL,3,946
28-12-2008 16:04,ATL,BOS,1,DL,-6,946
28-12-2008 16:07,ATL,BOS,0,DL,2,946
28-12-2008 17:49,ATL,BOS,1,DL,8,946
28-12-2008 18:31,ATL,BOS,0,DL,56,946
28-12-2008 19:05,ATL,BOS,1,DL,21,946
28-12-2008 18:52,ATL,BOS,0,DL,7,946
28-12-2008 20:34,ATL,BOS,1,DL,47,946
28-12-2008 21:02,ATL,BOS,0,DL,62,946
28-12-2008 20:53,ATL,BOS,1,DL,-2,946
28-12-2008 21:36,ATL,BOS,0,DL,6,946
28-12-2008 23:03,ATL,BOS,1,DL,68,946
28-12-2008 19:24,ATL,AUS,0,DL,31,813
28-12-2008 05:53,ORD,ATL,0,DL,8,606
28-12-2008 07:06,ORD,ATL,0,DL,6,606
28-12-2008 10:18,ATL,ORD,0,DL,23,606
28-12-2008 13:04,ATL,ORD,0,DL,-1,606
28-12-2008 12:18,ORD,ATL,0,DL,23,606
28-12-2008 17:38,ATL,ORD,0,DL,33,606
28-12-2008 14:49,ORD,ATL,0,DL,-1,606
28-12-2008 19:28,ATL,GPT,1,DL,13,352
28-12-2008 20:07,ATL,ORD,0,DL,7,606
28-12-2008 22:39,ATL,ORD,0,DL,79,606
28-12-2008 19:18,ORD,ATL,0,DL,23,606
28-12-2008 16:48,ATL,AUS,1,DL,18,813
28-12-2008 20:20,ATL,SFO,1,DL,55,2139
28-12-2008 06:52,ATL,SFO,1,DL,-19,2139
22-12-2008 08:58,JFK,LAX,0,AA,-2,2475
23-12-2008 08:57,JFK,LAX,0,AA,-3,2475
24-12-2008 09:05,JFK,LAX,0,AA,5,2475
25-12-2008 08:52,JFK,LAX,0,AA,-8,2475
26-12-2008 08:54,JFK,LAX,0,AA,-6,2475
27-12-2008 08:56,JFK,LAX,0,AA,-4,2475
28-12-2008 08:57,JFK,LAX,0,AA,-3,2475
22-12-2008 17:51,JFK,LAX,1,AA,-4,2475
23-12-2008 17:20,JFK,LAX,1,AA,-35,2475
24-12-2008 17:42,JFK,LAX,1,AA,-13,2475
25-12-2008 18:03,JFK,LAX,1,AA,8,2475
27-12-2008 18:14,JFK,LAX,1,AA,19,2475
28-12-2008 18:31,JFK,LAX,1,AA,36,2475
22-12-2008 12:03,JFK,LAX,0,AA,-7,2475
23-12-2008 12:07,JFK,LAX,0,AA,-3,2475
24-12-2008 12:08,JFK,LAX,0,AA,-2,2475
25-12-2008 12:07,JFK,LAX,0,AA,-3,2475
26-12-2008 12:02,JFK,LAX,0,AA,-8,2475
27-12-2008 12:07,JFK,LAX,0,AA,-3,2475
28-12-2008 12:00,JFK,LAX,0,AA,-10,2475
22-12-2008 05:08,JFK,LAX,1,AA,-29,2475
23-12-2008 05:16,JFK,LAX,1,AA,-21,2475
24-12-2008 05:00,JFK,LAX,1,AA,-37,2475
25-12-2008 05:51,JFK,LAX,1,AA,14,2475
26-12-2008 05:25,JFK,LAX,1,AA,-12,2475
27-12-2008 05:32,JFK,LAX,1,AA,-5,2475
28-12-2008 05:22,JFK,LAX,1,AA,-15,2475
22-12-2008 10:51,JFK,SFO,0,AA,1,2586
23-12-2008 10:49,JFK,SFO,0,AA,-1,2586
24-12-2008 11:36,JFK,SFO,0,AA,46,2586
25-12-2008 10:58,JFK,SFO,0,AA,8,2586
26-12-2008 10:43,JFK,SFO,0,AA,-7,2586
27-12-2008 10:45,JFK,SFO,0,AA,-5,2586
28-12-2008 10:45,JFK,SFO,0,AA,-5,2586
22-12-2008 22:04,JFK,SFO,1,AA,104,2586
23-12-2008 20:45,JFK,SFO,1,AA,25,2586
24-12-2008 20:02,JFK,SFO,1,AA,-18,2586
25-12-2008 20:41,JFK,SFO,1,AA,21,2586
26-12-2008 20:23,JFK,SFO,1,AA,3,2586
27-12-2008 20:46,JFK,SFO,1,AA,26,2586
28-12-2008 20:04,JFK,SFO,1,AA,-16,2586
22-12-2008 07:23,JFK,SFO,1,AA,8,2586
23-12-2008 07:10,JFK,SFO,1,AA,-5,2586
24-12-2008 06:50,JFK,SFO,1,AA,-25,2586
25-12-2008 06:56,JFK,SFO,1,AA,-19,2586
26-12-2008 06:58,JFK,SFO,1,AA,-17,2586
27-12-2008 08:11,JFK,SFO,1,AA,56,2586
28-12-2008 07:04,JFK,SFO,1,AA,-11,2586
22-12-2008 10:28,JFK,LAX,0,AA,3,2475
23-12-2008 10:25,JFK,LAX,0,AA,0,2475
24-12-2008 10:23,JFK,LAX,0,AA,-2,2475
25-12-2008 10:21,JFK,LAX,0,AA,-4,2475
26-12-2008 10:24,JFK,LAX,0,AA,-1,2475
28-12-2008 10:17,JFK,LAX,0,AA,-8,2475
22-12-2008 23:27,JFK,SFO,1,AA,-10,2586
23-12-2008 23:42,JFK,SFO,1,AA,5,2586
25-12-2008 23:27,JFK,SFO,1,AA,-10,2586
26-12-2008 23:38,JFK,SFO,1,AA,1,2586
27-12-2008 00:19,JFK,SFO,1,AA,42,2586
28-12-2008 23:18,JFK,SFO,1,AA,-19,2586
22-12-2008 19:29,JFK,LAX,0,AA,14,2475
23-12-2008 19:14,JFK,LAX,0,AA,-1,2475
24-12-2008 19:17,JFK,LAX,0,AA,2,2475
25-12-2008 19:18,JFK,LAX,0,AA,3,2475
27-12-2008 19:47,JFK,LAX,0,AA,32,2475
28-12-2008 19:35,JFK,LAX,0,AA,20,2475
22-12-2008 23:31,JFK,LAX,1,AA,21,2475
23-12-2008 22:57,JFK,LAX,1,AA,-13,2475
24-12-2008 23:09,JFK,LAX,1,AA,-1,2475
26-12-2008 22:57,JFK,LAX,1,AA,-13,2475
28-12-2008 22:53,JFK,LAX,1,AA,-17,2475
22-12-2008 15:46,JFK,SFO,1,AA,-29,2586
23-12-2008 15:44,JFK,SFO,1,AA,-31,2586
24-12-2008 16:21,JFK,SFO,1,AA,6,2586
25-12-2008 15:40,JFK,SFO,1,AA,-35,2586
26-12-2008 15:48,JFK,SFO,1,AA,-27,2586
28-12-2008 16:12,JFK,SFO,1,AA,-3,2586
22-12-2008 08:00,JFK,LAX,1,AA,-10,2475
23-12-2008 07:53,JFK,LAX,1,AA,-17,2475
24-12-2008 08:19,JFK,LAX,1,AA,9,2475
25-12-2008 07:23,JFK,LAX,1,AA,-47,2475
26-12-2008 08:48,JFK,LAX,1,AA,38,2475
27-12-2008 08:17,JFK,LAX,1,AA,7,2475
28-12-2008 07:48,JFK,LAX,1,AA,-22,2475
22-12-2008 22:43,JFK,LAX,1,AA,48,2475
23-12-2008 21:29,JFK,LAX,1,AA,-26,2475
25-12-2008 22:17,JFK,LAX,1,AA,22,2475
26-12-2008 21:46,JFK,LAX,1,AA,-9,2475
27-12-2008 22:16,JFK,LAX,1,AA,21,2475
28-12-2008 21:54,JFK,LAX,1,AA,-1,2475
22-12-2008 17:16,JFK,LAX,1,AA,16,2475
23-12-2008 16:30,JFK,LAX,1,AA,-30,2475
24-12-2008 17:10,JFK,LAX,1,AA,10,2475
26-12-2008 16:58,JFK,LAX,1,AA,-2,2475
27-12-2008 18:09,JFK,LAX,1,AA,69,2475
28-12-2008 17:09,JFK,LAX,1,AA,9,2475
22-12-2008 19:45,JFK,LAX,1,AA,10,2475
23-12-2008 19:42,JFK,LAX,1,AA,7,2475
24-12-2008 19:22,JFK,LAX,1,AA,-13,2475
25-12-2008 19:54,JFK,LAX,1,AA,19,2475
26-12-2008 19:02,JFK,LAX,1,AA,-33,2475
27-12-2008 19:59,JFK,LAX,1,AA,24,2475
28-12-2008 19:33,JFK,LAX,1,AA,-2,2475
22-12-2008 15:37,ORD,LAX,1,AA,2,1745
24-12-2008 18:19,ORD,LAX,1,AA,164,1745
25-12-2008 15:06,ORD,LAX,1,AA,-29,1745
26-12-2008 18:42,ORD,LAX,1,AA,187,1745
27-12-2008 15:44,ORD,LAX,1,AA,9,1745
28-12-2008 15:45,ORD,LAX,1,AA,10,1745
22-12-2008 07:00,JFK,SFO,0,AA,-5,2586
23-12-2008 06:54,JFK,SFO,0,AA,-11,2586
24-12-2008 07:07,JFK,SFO,0,AA,2,2586
25-12-2008 07:04,JFK,SFO,0,AA,-1,2586
26-12-2008 07:05,JFK,SFO,0,AA,0,2586
27-12-2008 07:02,JFK,SFO,0,AA,-3,2586
22-12-2008 14:54,JFK,SFO,0,AA,-1,2586
23-12-2008 15:31,JFK,SFO,0,AA,36,2586
24-12-2008 15:35,JFK,SFO,0,AA,40,2586
25-12-2008 15:21,JFK,SFO,0,AA,26,2586
26-12-2008 16:24,JFK,SFO,0,AA,89,2586
27-12-2008 14:50,JFK,SFO,0,AA,-5,2586
22-12-2008 14:17,JFK,LAX,0,AA,7,2475
23-12-2008 14:08,JFK,LAX,0,AA,-2,2475
24-12-2008 14:32,JFK,LAX,0,AA,22,2475
25-12-2008 15:36,JFK,LAX,0,AA,86,2475
26-12-2008 14:03,JFK,LAX,0,AA,-7,2475
27-12-2008 14:07,JFK,LAX,0,AA,-3,2475
28-12-2008 14:09,JFK,LAX,0,AA,-1,2475
22-12-2008 15:42,JFK,LAX,1,AA,-18,2475
23-12-2008 15:37,JFK,LAX,1,AA,-23,2475
24-12-2008 15:57,JFK,LAX,1,AA,-3,2475
25-12-2008 15:33,JFK,LAX,1,AA,-27,2475
26-12-2008 15:24,JFK,LAX,1,AA,-36,2475
27-12-2008 16:19,JFK,LAX,1,AA,19,2475
28-12-2008 16:02,JFK,LAX,1,AA,2,2475
22-12-2008 15:58,JFK,LAX,0,AA,3,2475
23-12-2008 16:06,JFK,LAX,0,AA,11,2475
24-12-2008 16:21,JFK,LAX,0,AA,26,2475
25-12-2008 16:52,JFK,LAX,0,AA,57,2475
26-12-2008 15:55,JFK,LAX,0,AA,0,2475
27-12-2008 15:54,JFK,LAX,0,AA,-1,2475
28-12-2008 15:51,JFK,LAX,0,AA,-4,2475
22-12-2008 17:05,ORD,BOS,0,AA,0,867
23-12-2008 20:59,ORD,BOS,0,AA,234,867
24-12-2008 19:10,ORD,BOS,0,AA,125,867
25-12-2008 17:02,ORD,BOS,0,AA,-3,867
26-12-2008 17:21,ORD,BOS,0,AA,16,867
27-12-2008 17:32,ORD,BOS,0,AA,27,867
28-12-2008 17:03,ORD,BOS,0,AA,-2,867
22-12-2008 18:44,JFK,SFO,0,AA,39,2586
23-12-2008 18:11,JFK,SFO,0,AA,6,2586
26-12-2008 18:12,JFK,SFO,0,AA,7,2586
27-12-2008 19:19,JFK,SFO,0,AA,74,2586
28-12-2008 18:20,JFK,SFO,0,AA,15,2586
22-12-2008 23:17,JFK,SFO,1,AA,57,2586
23-12-2008 22:04,JFK,SFO,1,AA,-16,2586
24-12-2008 23:03,JFK,SFO,1,AA,43,2586
26-12-2008 22:09,JFK,SFO,1,AA,-11,2586
27-12-2008 22:42,JFK,SFO,1,AA,22,2586
28-12-2008 21:54,JFK,SFO,1,AA,-26,2586
22-12-2008 09:18,JFK,SFO,0,AA,18,2586
23-12-2008 08:58,JFK,SFO,0,AA,-2,2586
24-12-2008 10:21,JFK,SFO,0,AA,81,2586
25-12-2008 09:04,JFK,SFO,0,AA,4,2586
26-12-2008 09:04,JFK,SFO,0,AA,4,2586
27-12-2008 08:57,JFK,SFO,0,AA,-3,2586
28-12-2008 08:54,JFK,SFO,0,AA,-6,2586
22-12-2008 00:18,JFK,LAX,1,AA,-17,2475
23-12-2008 00:16,JFK,LAX,1,AA,-19,2475
25-12-2008 23:51,JFK,LAX,1,AA,-44,2475
26-12-2008 00:17,JFK,LAX,1,AA,-18,2475
27-12-2008 00:54,JFK,LAX,1,AA,19,2475
28-12-2008 00:36,JFK,LAX,1,AA,1,2475
22-12-2008 17:24,JFK,LAX,0,AA,4,2475
23-12-2008 17:41,JFK,LAX,0,AA,21,2475
25-12-2008 18:09,JFK,LAX,0,AA,49,2475
26-12-2008 17:23,JFK,LAX,0,AA,3,2475
27-12-2008 17:54,JFK,LAX,0,AA,34,2475
28-12-2008 17:19,JFK,LAX,0,AA,-1,2475
22-12-2008 20:52,JFK,LAX,0,AA,12,2475
23-12-2008 20:45,JFK,LAX,0,AA,5,2475
26-12-2008 20:46,JFK,LAX,0,AA,6,2475
27-12-2008 21:32,JFK,LAX,0,AA,52,2475
28-12-2008 21:13,JFK,LAX,0,AA,33,2475
22-12-2008 06:45,JFK,LAX,0,AA,5,2475
23-12-2008 07:11,JFK,LAX,0,AA,31,2475
24-12-2008 06:42,JFK,LAX,0,AA,2,2475
25-12-2008 06:43,JFK,LAX,0,AA,3,2475
26-12-2008 06:38,JFK,LAX,0,AA,-2,2475
27-12-2008 06:41,JFK,LAX,0,AA,1,2475
28-12-2008 06:38,JFK,LAX,0,AA,-2,2475
22-12-2008 17:43,JFK,LAS,0,AA,58,2248
23-12-2008 16:52,JFK,LAS,0,AA,7,2248
24-12-2008 17:37,JFK,LAS,0,AA,52,2248
25-12-2008 16:48,JFK,LAS,0,AA,3,2248
26-12-2008 16:51,JFK,LAS,0,AA,6,2248
27-12-2008 16:51,JFK,LAS,0,AA,6,2248
28-12-2008 17:05,JFK,LAS,0,AA,20,2248
22-12-2008 14:46,JFK,LAS,1,AA,-13,2248
23-12-2008 14:49,JFK,LAS,1,AA,-10,2248
24-12-2008 14:44,JFK,LAS,1,AA,-15,2248
25-12-2008 14:29,JFK,LAS,1,AA,-30,2248
26-12-2008 15:39,JFK,LAS,1,AA,40,2248
27-12-2008 15:07,JFK,LAS,1,AA,8,2248
28-12-2008 15:02,JFK,LAS,1,AA,3,2248
22-12-2008 13:48,ORD,PHX,0,AA,18,1440
24-12-2008 13:30,ORD,PHX,0,AA,0,1440
25-12-2008 13:49,ORD,PHX,0,AA,19,1440
26-12-2008 13:31,ORD,PHX,0,AA,1,1440
27-12-2008 13:40,ORD,PHX,0,AA,10,1440
28-12-2008 15:10,ORD,PHX,0,AA,100,1440
22-12-2008 17:12,ORD,LAS,1,AA,92,1515
23-12-2008 18:01,ORD,LAS,1,AA,141,1515
24-12-2008 15:50,ORD,LAS,1,AA,10,1515
25-12-2008 16:48,ORD,LAS,1,AA,68,1515
26-12-2008 16:44,ORD,LAS,1,AA,64,1515
27-12-2008 15:54,ORD,LAS,1,AA,14,1515
28-12-2008 15:24,ORD,LAS,1,AA,-16,1515
22-12-2008 10:20,ORD,BOS,0,AA,5,867
23-12-2008 11:51,ORD,BOS,0,AA,96,867
24-12-2008 11:15,ORD,BOS,0,AA,60,867
25-12-2008 10:11,ORD,BOS,0,AA,-4,867
26-12-2008 10:46,ORD,BOS,0,AA,31,867
27-12-2008 10:45,ORD,BOS,0,AA,30,867
28-12-2008 11:03,ORD,BOS,0,AA,48,867
22-12-2008 11:04,ORD,SFO,0,AA,29,1846
23-12-2008 12:20,ORD,SFO,0,AA,105,1846
24-12-2008 12:20,ORD,SFO,0,AA,105,1846
25-12-2008 10:38,ORD,SFO,0,AA,3,1846
26-12-2008 11:30,ORD,SFO,0,AA,55,1846
27-12-2008 11:04,ORD,SFO,0,AA,29,1846
28-12-2008 10:35,ORD,SFO,0,AA,0,1846
22-12-2008 15:24,ORD,LAX,0,AA,14,1745
24-12-2008 16:09,ORD,LAX,0,AA,59,1745
25-12-2008 15:21,ORD,LAX,0,AA,11,1745
26-12-2008 15:43,ORD,LAX,0,AA,33,1745
27-12-2008 16:18,ORD,LAX,0,AA,68,1745
28-12-2008 16:18,ORD,LAX,0,AA,68,1745
22-12-2008 07:04,ATL,ORD,0,AA,-6,606
23-12-2008 07:06,ATL,ORD,0,AA,-4,606
24-12-2008 07:14,ATL,ORD,0,AA,4,606
25-12-2008 07:12,ATL,ORD,0,AA,2,606
26-12-2008 07:10,ATL,ORD,0,AA,0,606
28-12-2008 07:05,ATL,ORD,0,AA,-5,606
22-12-2008 17:31,ORD,SFO,1,AA,-9,1846
23-12-2008 20:21,ORD,SFO,1,AA,161,1846
24-12-2008 18:06,ORD,SFO,1,AA,26,1846
25-12-2008 17:33,ORD,SFO,1,AA,-7,1846
26-12-2008 21:35,ORD,SFO,1,AA,235,1846
27-12-2008 18:28,ORD,SFO,1,AA,48,1846
28-12-2008 17:01,ORD,SFO,1,AA,-39,1846
22-12-2008 00:13,ORD,SFO,1,AA,-12,1846
24-12-2008 01:23,ORD,SFO,1,AA,58,1846
25-12-2008 00:08,ORD,SFO,1,AA,-17,1846
28-12-2008 00:04,ORD,SFO,1,AA,-21,1846
22-12-2008 16:43,ORD,LAX,0,AA,8,1745
23-12-2008 18:12,ORD,LAX,0,AA,97,1745
24-12-2008 17:28,ORD,LAX,0,AA,53,1745
25-12-2008 16:39,ORD,LAX,0,AA,4,1745
26-12-2008 17:46,ORD,LAX,0,AA,71,1745
27-12-2008 16:50,ORD,LAX,0,AA,15,1745
28-12-2008 17:13,ORD,LAX,0,AA,38,1745
22-12-2008 17:00,ORD,PHX,0,AA,15,1440
23-12-2008 20:00,ORD,PHX,0,AA,195,1440
24-12-2008 18:40,ORD,PHX,0,AA,115,1440
25-12-2008 16:43,ORD,PHX,0,AA,-2,1440
26-12-2008 19:27,ORD,PHX,0,AA,162,1440
27-12-2008 17:08,ORD,PHX,0,AA,23,1440
28-12-2008 16:58,ORD,PHX,0,AA,13,1440
22-12-2008 21:01,ORD,LAX,0,AA,46,1745
23-12-2008 22:36,ORD,LAX,0,AA,141,1745
24-12-2008 20:30,ORD,LAX,0,AA,15,1745
25-12-2008 20:27,ORD,LAX,0,AA,12,1745
27-12-2008 21:29,ORD,LAX,0,AA,74,1745
28-12-2008 20:28,ORD,LAX,0,AA,13,1745
22-12-2008 12:27,ORD,BOS,1,AA,-3,867
23-12-2008 13:56,ORD,BOS,1,AA,86,867
27-12-2008 12:50,ORD,BOS,1,AA,20,867
28-12-2008 12:45,ORD,BOS,1,AA,15,867
22-12-2008 19:26,ORD,LAX,1,AA,11,1745
24-12-2008 19:59,ORD,LAX,1,AA,44,1745
25-12-2008 19:19,ORD,LAX,1,AA,4,1745
27-12-2008 21:24,ORD,LAX,1,AA,129,1745
28-12-2008 19:03,ORD,LAX,1,AA,-12,1745
22-12-2008 19:43,ORD,LAX,0,AA,38,1745
23-12-2008 21:41,ORD,LAX,0,AA,156,1745
24-12-2008 19:29,ORD,LAX,0,AA,24,1745
25-12-2008 19:17,ORD,LAX,0,AA,12,1745
26-12-2008 21:24,ORD,LAX,0,AA,139,1745
27-12-2008 20:08,ORD,LAX,0,AA,63,1745
28-12-2008 19:14,ORD,LAX,0,AA,9,1745
22-12-2008 17:54,JFK,ORD,0,AA,29,740
24-12-2008 19:29,JFK,ORD,0,AA,119,740
25-12-2008 18:19,JFK,ORD,0,AA,49,740
27-12-2008 18:09,JFK,ORD,0,AA,44,740
28-12-2008 17:57,JFK,ORD,0,AA,32,740
22-12-2008 22:52,ORD,LAS,1,AA,-3,1515
24-12-2008 23:33,ORD,LAS,1,AA,38,1515
25-12-2008 22:46,ORD,LAS,1,AA,-9,1515
27-12-2008 23:26,ORD,LAS,1,AA,31,1515
28-12-2008 23:00,ORD,LAS,1,AA,5,1515
22-12-2008 13:07,ORD,LAX,1,AA,62,1745
23-12-2008 11:43,ORD,LAX,1,AA,-22,1745
24-12-2008 13:06,ORD,LAX,1,AA,61,1745
25-12-2008 11:50,ORD,LAX,1,AA,-15,1745
26-12-2008 13:54,ORD,LAX,1,AA,109,1745
27-12-2008 12:35,ORD,LAX,1,AA,30,1745
28-12-2008 11:57,ORD,LAX,1,AA,-8,1745
22-12-2008 19:47,ORD,BOS,0,AA,2,867
24-12-2008 20:49,ORD,BOS,0,AA,64,867
25-12-2008 20:21,ORD,BOS,0,AA,36,867
26-12-2008 20:31,ORD,BOS,0,AA,46,867
27-12-2008 00:18,ORD,BOS,0,AA,268,867
28-12-2008 20:29,ORD,BOS,0,AA,44,867
23-12-2008 06:49,ORD,BOS,0,AA,19,867
27-12-2008 06:26,ORD,BOS,0,AA,-4,867
22-12-2008 08:52,ORD,LAS,0,AA,22,1515
23-12-2008 09:13,ORD,LAS,0,AA,43,1515
24-12-2008 08:40,ORD,LAS,0,AA,10,1515
25-12-2008 08:27,ORD,LAS,0,AA,-3,1515
26-12-2008 09:14,ORD,LAS,0,AA,44,1515
27-12-2008 08:32,ORD,LAS,0,AA,2,1515
28-12-2008 08:46,ORD,LAS,0,AA,16,1515
22-12-2008 18:13,ORD,LAX,0,AA,28,1745
24-12-2008 17:55,ORD,LAX,0,AA,10,1745
25-12-2008 17:43,ORD,LAX,0,AA,-2,1745
26-12-2008 18:49,ORD,LAX,0,AA,64,1745
27-12-2008 17:46,ORD,LAX,0,AA,1,1745
28-12-2008 17:47,ORD,LAX,0,AA,2,1745
22-12-2008 07:45,ORD,BOS,1,AA,-10,867
23-12-2008 07:59,ORD,BOS,1,AA,4,867
25-12-2008 08:08,ORD,BOS,1,AA,13,867
26-12-2008 07:51,ORD,BOS,1,AA,-4,867
27-12-2008 08:30,ORD,BOS,1,AA,35,867
28-12-2008 08:05,ORD,BOS,1,AA,10,867
22-12-2008 13:15,ORD,AUS,0,AA,10,978
23-12-2008 14:30,ORD,AUS,0,AA,85,978
25-12-2008 13:20,ORD,AUS,0,AA,15,978
26-12-2008 13:05,ORD,AUS,0,AA,0,978
27-12-2008 13:35,ORD,AUS,0,AA,30,978
28-12-2008 13:05,ORD,AUS,0,AA,0,978
22-12-2008 09:19,ORD,BOS,1,AA,34,867
23-12-2008 09:17,ORD,BOS,1,AA,32,867
24-12-2008 09:15,ORD,BOS,1,AA,30,867
25-12-2008 08:41,ORD,BOS,1,AA,-4,867
26-12-2008 09:43,ORD,BOS,1,AA,58,867
27-12-2008 09:05,ORD,BOS,1,AA,20,867
28-12-2008 08:48,ORD,BOS,1,AA,3,867
22-12-2008 22:10,ORD,BOS,1,AA,15,867
23-12-2008 23:04,ORD,BOS,1,AA,69,867
24-12-2008 23:21,ORD,BOS,1,AA,86,867
25-12-2008 22:06,ORD,BOS,1,AA,11,867
28-12-2008 21:27,ORD,BOS,1,AA,-28,867
22-12-2008 17:06,ORD,LAS,1,AA,-9,1515
23-12-2008 18:25,ORD,LAS,1,AA,70,1515
24-12-2008 16:52,ORD,LAS,1,AA,-23,1515
25-12-2008 17:05,ORD,LAS,1,AA,-10,1515
27-12-2008 19:28,ORD,LAS,1,AA,133,1515
28-12-2008 16:57,ORD,LAS,1,AA,-18,1515
22-12-2008 05:51,ORD,LAX,1,AA,11,1745
23-12-2008 07:51,ORD,LAX,1,AA,131,1745
24-12-2008 06:04,ORD,LAX,1,AA,24,1745
25-12-2008 06:09,ORD,LAX,1,AA,29,1745
26-12-2008 05:44,ORD,LAX,1,AA,4,1745
27-12-2008 06:32,ORD,LAX,1,AA,52,1745
28-12-2008 05:29,ORD,LAX,1,AA,-11,1745
22-12-2008 14:33,ORD,ATL,0,AA,3,606
23-12-2008 17:56,ORD,ATL,0,AA,206,606
26-12-2008 15:59,ORD,ATL,0,AA,89,606
28-12-2008 14:37,ORD,ATL,0,AA,7,606
22-12-2008 13:36,ORD,PHX,1,AA,-4,1440
23-12-2008 16:30,ORD,PHX,1,AA,170,1440
24-12-2008 13:26,ORD,PHX,1,AA,-14,1440
25-12-2008 13:27,ORD,PHX,1,AA,-13,1440
26-12-2008 14:40,ORD,PHX,1,AA,60,1440
27-12-2008 13:47,ORD,PHX,1,AA,7,1440
28-12-2008 13:21,ORD,PHX,1,AA,-19,1440
22-12-2008 20:50,ORD,BOS,1,AA,40,867
23-12-2008 22:03,ORD,BOS,1,AA,113,867
27-12-2008 20:50,ORD,BOS,1,AA,40,867
28-12-2008 19:45,ORD,BOS,1,AA,-25,867
22-12-2008 10:44,ORD,PHX,1,AA,-16,1440
23-12-2008 11:23,ORD,PHX,1,AA,23,1440
24-12-2008 11:55,ORD,PHX,1,AA,55,1440
25-12-2008 10:23,ORD,PHX,1,AA,-37,1440
26-12-2008 12:10,ORD,PHX,1,AA,70,1440
27-12-2008 11:55,ORD,PHX,1,AA,55,1440
28-12-2008 10:56,ORD,PHX,1,AA,-4,1440
22-12-2008 08:53,ORD,AUS,0,AA,38,978
23-12-2008 08:44,ORD,AUS,0,AA,29,978
24-12-2008 08:19,ORD,AUS,0,AA,4,978
25-12-2008 08:14,ORD,AUS,0,AA,-1,978
26-12-2008 09:21,ORD,AUS,0,AA,66,978
27-12-2008 08:12,ORD,AUS,0,AA,-3,978
28-12-2008 08:57,ORD,AUS,0,AA,42,978
22-12-2008 12:37,ORD,BOS,0,AA,12,867
23-12-2008 14:20,ORD,BOS,0,AA,115,867
24-12-2008 13:03,ORD,BOS,0,AA,38,867
25-12-2008 12:23,ORD,BOS,0,AA,-2,867
26-12-2008 12:25,ORD,BOS,0,AA,0,867
27-12-2008 13:06,ORD,BOS,0,AA,41,867
28-12-2008 12:27,ORD,BOS,0,AA,2,867
22-12-2008 11:17,ORD,LAX,0,AA,2,1745
23-12-2008 12:08,ORD,LAX,0,AA,53,1745
24-12-2008 12:32,ORD,LAX,0,AA,77,1745
25-12-2008 11:23,ORD,LAX,0,AA,8,1745
26-12-2008 12:53,ORD,LAX,0,AA,98,1745
27-12-2008 11:24,ORD,LAX,0,AA,9,1745
28-12-2008 11:30,ORD,LAX,0,AA,15,1745
22-12-2008 11:55,ORD,SFO,1,AA,-20,1846
23-12-2008 13:29,ORD,SFO,1,AA,74,1846
24-12-2008 12:56,ORD,SFO,1,AA,41,1846
25-12-2008 11:53,ORD,SFO,1,AA,-22,1846
26-12-2008 12:22,ORD,SFO,1,AA,7,1846
27-12-2008 12:57,ORD,SFO,1,AA,42,1846
28-12-2008 11:58,ORD,SFO,1,AA,-17,1846
22-12-2008 07:27,ORD,SFO,0,AA,2,1846
23-12-2008 08:26,ORD,SFO,0,AA,61,1846
25-12-2008 07:23,ORD,SFO,0,AA,-2,1846
26-12-2008 07:44,ORD,SFO,0,AA,19,1846
28-12-2008 07:27,ORD,SFO,0,AA,2,1846
22-12-2008 14:07,ORD,LAX,0,AA,2,1745
23-12-2008 15:01,ORD,LAX,0,AA,56,1745
24-12-2008 15:31,ORD,LAX,0,AA,86,1745
25-12-2008 14:07,ORD,LAX,0,AA,2,1745
28-12-2008 14:17,ORD,LAX,0,AA,12,1745
22-12-2008 18:18,ATL,ORD,0,AA,-2,606
28-12-2008 18:47,ATL,ORD,0,AA,27,606
22-12-2008 14:54,ORD,LAX,1,AA,44,1745
23-12-2008 17:05,ORD,LAX,1,AA,175,1745
24-12-2008 14:32,ORD,LAX,1,AA,22,1745
25-12-2008 13:35,ORD,LAX,1,AA,-35,1745
27-12-2008 14:21,ORD,LAX,1,AA,11,1745
28-12-2008 14:09,ORD,LAX,1,AA,-1,1745
22-12-2008 21:38,ORD,BOS,0,AA,3,867
24-12-2008 22:50,ORD,BOS,0,AA,75,867
25-12-2008 21:29,ORD,BOS,0,AA,-6,867
28-12-2008 21:34,ORD,BOS,0,AA,-1,867
22-12-2008 13:18,ORD,ATL,0,AA,78,606
23-12-2008 13:00,ORD,ATL,0,AA,60,606
24-12-2008 12:39,ORD,ATL,0,AA,39,606
25-12-2008 13:44,ORD,ATL,0,AA,104,606
27-12-2008 12:41,ORD,ATL,0,AA,41,606
28-12-2008 12:33,ORD,ATL,0,AA,33,606
22-12-2008 13:24,ORD,JFK,0,AA,4,740
24-12-2008 15:05,ORD,JFK,0,AA,105,740
25-12-2008 14:30,ORD,JFK,0,AA,70,740
26-12-2008 13:40,ORD,JFK,0,AA,20,740
28-12-2008 13:49,ORD,JFK,0,AA,29,740
22-12-2008 17:44,ORD,LAX,1,AA,69,1745
23-12-2008 19:40,ORD,LAX,1,AA,185,1745
24-12-2008 17:27,ORD,LAX,1,AA,52,1745
25-12-2008 19:57,ORD,LAX,1,AA,202,1745
27-12-2008 16:26,ORD,LAX,1,AA,-9,1745
28-12-2008 16:22,ORD,LAX,1,AA,-13,1745
22-12-2008 18:33,ORD,PHX,1,AA,13,1440
23-12-2008 21:25,ORD,PHX,1,AA,185,1440
24-12-2008 18:57,ORD,PHX,1,AA,37,1440
25-12-2008 18:00,ORD,PHX,1,AA,-20,1440
26-12-2008 19:46,ORD,PHX,1,AA,86,1440
27-12-2008 20:31,ORD,PHX,1,AA,131,1440
28-12-2008 18:05,ORD,PHX,1,AA,-15,1440
22-12-2008 21:51,ORD,PHX,1,AA,21,1440
24-12-2008 21:38,ORD,PHX,1,AA,8,1440
25-12-2008 21:21,ORD,PHX,1,AA,-9,1440
26-12-2008 22:35,ORD,PHX,1,AA,65,1440
27-12-2008 21:53,ORD,PHX,1,AA,23,1440
28-12-2008 22:22,ORD,PHX,1,AA,52,1440
22-12-2008 15:11,ORD,PHX,1,AA,-24,1440
24-12-2008 16:46,ORD,PHX,1,AA,71,1440
25-12-2008 14:54,ORD,PHX,1,AA,-41,1440
26-12-2008 17:29,ORD,PHX,1,AA,114,1440
27-12-2008 15:37,ORD,PHX,1,AA,2,1440
28-12-2008 15:16,ORD,PHX,1,AA,-19,1440
22-12-2008 20:52,ORD,SFO,1,AA,7,1846
23-12-2008 21:58,ORD,SFO,1,AA,73,1846
24-12-2008 23:05,ORD,SFO,1,AA,140,1846
25-12-2008 00:40,ORD,SFO,1,AA,235,1846
26-12-2008 21:52,ORD,SFO,1,AA,67,1846
27-12-2008 21:40,ORD,SFO,1,AA,55,1846
28-12-2008 20:20,ORD,SFO,1,AA,-25,1846
22-12-2008 17:48,ORD,BOS,1,AA,213,867
23-12-2008 17:21,ORD,BOS,1,AA,186,867
24-12-2008 15:16,ORD,BOS,1,AA,61,867
25-12-2008 14:28,ORD,BOS,1,AA,13,867
26-12-2008 16:29,ORD,BOS,1,AA,134,867
27-12-2008 14:34,ORD,BOS,1,AA,19,867
28-12-2008 13:58,ORD,BOS,1,AA,-17,867
22-12-2008 19:32,ORD,SFO,0,AA,47,1846
23-12-2008 21:17,ORD,SFO,0,AA,152,1846
24-12-2008 20:44,ORD,SFO,0,AA,119,1846
25-12-2008 18:45,ORD,SFO,0,AA,0,1846
26-12-2008 19:42,ORD,SFO,0,AA,57,1846
27-12-2008 19:28,ORD,SFO,0,AA,43,1846
28-12-2008 19:08,ORD,SFO,0,AA,23,1846
22-12-2008 12:23,ORD,LAX,1,AA,-27,1745
24-12-2008 12:52,ORD,LAX,1,AA,2,1745
25-12-2008 12:28,ORD,LAX,1,AA,-22,1745
26-12-2008 14:03,ORD,LAX,1,AA,73,1745
28-12-2008 12:35,ORD,LAX,1,AA,-15,1745
22-12-2008 14:38,ORD,LAS,0,AA,8,1515
23-12-2008 15:58,ORD,LAS,0,AA,88,1515
24-12-2008 15:20,ORD,LAS,0,AA,50,1515
25-12-2008 14:35,ORD,LAS,0,AA,5,1515
26-12-2008 15:23,ORD,LAS,0,AA,53,1515
27-12-2008 15:30,ORD,LAS,0,AA,60,1515
28-12-2008 15:14,ORD,LAS,0,AA,44,1515
22-12-2008 15:12,ORD,SFO,1,AA,-43,1846
23-12-2008 18:42,ORD,SFO,1,AA,167,1846
24-12-2008 18:30,ORD,SFO,1,AA,155,1846
25-12-2008 16:10,ORD,SFO,1,AA,15,1846
26-12-2008 20:21,ORD,SFO,1,AA,266,1846
27-12-2008 17:02,ORD,SFO,1,AA,67,1846
28-12-2008 15:45,ORD,SFO,1,AA,-10,1846
22-12-2008 14:58,ORD,SFO,0,AA,18,1846
23-12-2008 17:23,ORD,SFO,0,AA,163,1846
24-12-2008 15:51,ORD,SFO,0,AA,71,1846
25-12-2008 14:47,ORD,SFO,0,AA,7,1846
26-12-2008 16:11,ORD,SFO,0,AA,91,1846
27-12-2008 14:38,ORD,SFO,0,AA,-2,1846
28-12-2008 14:43,ORD,SFO,0,AA,3,1846
22-12-2008 08:26,ORD,AUS,1,AA,-9,978
23-12-2008 09:02,ORD,AUS,1,AA,27,978
24-12-2008 08:35,ORD,AUS,1,AA,0,978
25-12-2008 08:27,ORD,AUS,1,AA,-8,978
26-12-2008 09:06,ORD,AUS,1,AA,31,978
28-12-2008 08:15,ORD,AUS,1,AA,-20,978
22-12-2008 20:33,ORD,LAX,1,AA,-17,1745
23-12-2008 21:58,ORD,LAX,1,AA,68,1745
24-12-2008 22:38,ORD,LAX,1,AA,108,1745
25-12-2008 20:23,ORD,LAX,1,AA,-27,1745
27-12-2008 23:19,ORD,LAX,1,AA,149,1745
28-12-2008 20:45,ORD,LAX,1,AA,-5,1745
22-12-2008 21:19,ORD,LAS,1,AA,-16,1515
23-12-2008 23:02,ORD,LAS,1,AA,87,1515
24-12-2008 23:05,ORD,LAS,1,AA,90,1515
25-12-2008 21:40,ORD,LAS,1,AA,5,1515
26-12-2008 23:02,ORD,LAS,1,AA,87,1515
27-12-2008 22:47,ORD,LAS,1,AA,72,1515
28-12-2008 21:11,ORD,LAS,1,AA,-24,1515
22-12-2008 13:11,ORD,LAS,0,AA,6,1515
23-12-2008 14:33,ORD,LAS,0,AA,88,1515
24-12-2008 14:12,ORD,LAS,0,AA,67,1515
25-12-2008 13:27,ORD,LAS,0,AA,22,1515
26-12-2008 13:05,ORD,LAS,0,AA,0,1515
27-12-2008 13:58,ORD,LAS,0,AA,53,1515
28-12-2008 13:05,ORD,LAS,0,AA,0,1515
22-12-2008 11:40,ORD,BOS,0,AA,200,867
23-12-2008 09:03,ORD,BOS,0,AA,43,867
24-12-2008 08:34,ORD,BOS,0,AA,14,867
25-12-2008 08:28,ORD,BOS,0,AA,8,867
26-12-2008 09:42,ORD,BOS,0,AA,82,867
27-12-2008 08:18,ORD,BOS,0,AA,-2,867
28-12-2008 08:15,ORD,BOS,0,AA,-5,867
22-12-2008 19:08,ORD,PHX,0,AA,3,1440
24-12-2008 21:11,ORD,PHX,0,AA,126,1440
25-12-2008 19:03,ORD,PHX,0,AA,-2,1440
26-12-2008 19:55,ORD,PHX,0,AA,50,1440
27-12-2008 20:40,ORD,PHX,0,AA,95,1440
28-12-2008 19:14,ORD,PHX,0,AA,9,1440
22-12-2008 09:45,ORD,LAX,0,AA,30,1745
23-12-2008 09:30,ORD,LAX,0,AA,15,1745
24-12-2008 10:11,ORD,LAX,0,AA,56,1745
25-12-2008 09:13,ORD,LAX,0,AA,-2,1745
26-12-2008 10:15,ORD,LAX,0,AA,60,1745
27-12-2008 09:58,ORD,LAX,0,AA,43,1745
28-12-2008 09:40,ORD,LAX,0,AA,25,1745
22-12-2008 14:56,ORD,AUS,1,AA,26,978
23-12-2008 16:43,ORD,AUS,1,AA,133,978
24-12-2008 15:29,ORD,AUS,1,AA,59,978
25-12-2008 14:25,ORD,AUS,1,AA,-5,978
26-12-2008 15:56,ORD,AUS,1,AA,86,978
28-12-2008 14:42,ORD,AUS,1,AA,12,978
22-12-2008 19:13,ORD,ATL,0,AA,3,606
24-12-2008 20:14,ORD,ATL,0,AA,64,606
25-12-2008 19:08,ORD,ATL,0,AA,-2,606
27-12-2008 20:57,ORD,ATL,0,AA,107,606
28-12-2008 19:10,ORD,ATL,0,AA,0,606
22-12-2008 18:54,ORD,BOS,1,AA,4,867
24-12-2008 20:06,ORD,BOS,1,AA,76,867
25-12-2008 19:24,ORD,BOS,1,AA,34,867
26-12-2008 19:50,ORD,BOS,1,AA,60,867
28-12-2008 18:48,ORD,BOS,1,AA,-2,867
22-12-2008 18:06,ORD,SFO,0,AA,96,1846
23-12-2008 19:42,ORD,SFO,0,AA,192,1846
24-12-2008 16:42,ORD,SFO,0,AA,12,1846
25-12-2008 16:35,ORD,SFO,0,AA,5,1846
26-12-2008 18:34,ORD,SFO,0,AA,124,1846
28-12-2008 16:30,ORD,SFO,0,AA,0,1846
22-12-2008 10:46,ORD,AUS,1,AA,-9,978
23-12-2008 11:50,ORD,AUS,1,AA,55,978
24-12-2008 11:06,ORD,AUS,1,AA,11,978
25-12-2008 10:34,ORD,AUS,1,AA,-21,978
26-12-2008 12:23,ORD,AUS,1,AA,88,978
27-12-2008 10:53,ORD,AUS,1,AA,-2,978
28-12-2008 10:40,ORD,AUS,1,AA,-15,978
22-12-2008 23:23,ORD,LAX,1,AA,-2,1745
24-12-2008 01:30,ORD,LAX,1,AA,125,1745
25-12-2008 22:58,ORD,LAX,1,AA,-27,1745
26-12-2008 23:21,ORD,LAX,1,AA,-4,1745
27-12-2008 23:51,ORD,LAX,1,AA,26,1745
28-12-2008 23:55,ORD,LAX,1,AA,30,1745
27-12-2008 15:05,ORD,AUS,1,AA,35,978
22-12-2008 09:53,ATL,ORD,0,AA,-2,606
23-12-2008 10:56,ATL,ORD,0,AA,61,606
24-12-2008 10:21,ATL,ORD,0,AA,26,606
27-12-2008 09:51,ATL,ORD,0,AA,-4,606
28-12-2008 10:18,ATL,ORD,0,AA,23,606
22-12-2008 16:42,ATL,ORD,0,AA,47,606
23-12-2008 17:01,ATL,ORD,0,AA,66,606
24-12-2008 16:20,ATL,ORD,0,AA,25,606
25-12-2008 17:12,ATL,ORD,0,AA,77,606
26-12-2008 16:59,ATL,ORD,0,AA,64,606
27-12-2008 16:59,ATL,ORD,0,AA,64,606
28-12-2008 16:18,ATL,ORD,0,AA,23,606
22-12-2008 11:31,ORD,BOS,1,AA,71,867
23-12-2008 11:08,ORD,BOS,1,AA,48,867
24-12-2008 10:33,ORD,BOS,1,AA,13,867
25-12-2008 10:43,ORD,BOS,1,AA,23,867
26-12-2008 10:41,ORD,BOS,1,AA,21,867
27-12-2008 11:19,ORD,BOS,1,AA,59,867
28-12-2008 10:11,ORD,BOS,1,AA,-9,867
22-12-2008 09:02,ORD,LAS,0,AA,112,1515
23-12-2008 07:29,ORD,LAS,0,AA,19,1515
25-12-2008 08:58,ORD,LAS,0,AA,108,1515
26-12-2008 08:02,ORD,LAS,0,AA,52,1515
28-12-2008 07:10,ORD,LAS,0,AA,0,1515
22-12-2008 15:48,ORD,BOS,0,AA,-2,867
23-12-2008 16:36,ORD,BOS,0,AA,46,867
24-12-2008 17:31,ORD,BOS,0,AA,101,867
25-12-2008 15:41,ORD,BOS,0,AA,-9,867
26-12-2008 17:22,ORD,BOS,0,AA,92,867
27-12-2008 16:05,ORD,BOS,0,AA,15,867
28-12-2008 15:50,ORD,BOS,0,AA,0,867
22-12-2008 08:15,ORD,LAX,0,AA,70,1745
23-12-2008 07:14,ORD,LAX,0,AA,9,1745
25-12-2008 07:25,ORD,LAX,0,AA,20,1745
26-12-2008 07:25,ORD,LAX,0,AA,20,1745
27-12-2008 07:07,ORD,LAX,0,AA,2,1745
28-12-2008 07:09,ORD,LAX,0,AA,4,1745
22-12-2008 16:16,ORD,BOS,1,AA,1,867
23-12-2008 18:52,ORD,BOS,1,AA,157,867
24-12-2008 17:35,ORD,BOS,1,AA,80,867
25-12-2008 16:27,ORD,BOS,1,AA,12,867
26-12-2008 17:41,ORD,BOS,1,AA,86,867
27-12-2008 18:43,ORD,BOS,1,AA,148,867
28-12-2008 16:37,ORD,BOS,1,AA,22,867
22-12-2008 17:05,ORD,AUS,0,AA,0,978
24-12-2008 18:13,ORD,AUS,0,AA,68,978
25-12-2008 17:04,ORD,AUS,0,AA,-1,978
26-12-2008 18:31,ORD,AUS,0,AA,86,978
27-12-2008 19:50,ORD,AUS,0,AA,165,978
28-12-2008 17:15,ORD,AUS,0,AA,10,978
22-12-2008 13:58,ORD,BOS,0,AA,13,867
23-12-2008 15:05,ORD,BOS,0,AA,80,867
26-12-2008 14:45,ORD,BOS,0,AA,60,867
27-12-2008 14:05,ORD,BOS,0,AA,20,867
28-12-2008 13:46,ORD,BOS,0,AA,1,867
22-12-2008 19:44,ORD,AUS,1,AA,-6,978
25-12-2008 19:29,ORD,AUS,1,AA,-21,978
27-12-2008 21:06,ORD,AUS,1,AA,76,978
28-12-2008 19:26,ORD,AUS,1,AA,-24,978
22-12-2008 06:10,ORD,ATL,0,AA,0,606
23-12-2008 06:34,ORD,ATL,0,AA,24,606
24-12-2008 06:06,ORD,ATL,0,AA,-4,606
26-12-2008 06:30,ORD,ATL,0,AA,20,606
28-12-2008 06:08,ORD,ATL,0,AA,-2,606
22-12-2008 07:28,ORD,PHX,0,AA,3,1440
23-12-2008 07:51,ORD,PHX,0,AA,26,1440
24-12-2008 07:23,ORD,PHX,0,AA,-2,1440
25-12-2008 07:27,ORD,PHX,0,AA,2,1440
26-12-2008 07:41,ORD,PHX,0,AA,16,1440
27-12-2008 07:30,ORD,PHX,0,AA,5,1440
28-12-2008 07:26,ORD,PHX,0,AA,1,1440
22-12-2008 10:17,ORD,PHX,0,AA,17,1440
23-12-2008 10:50,ORD,PHX,0,AA,50,1440
24-12-2008 10:23,ORD,PHX,0,AA,23,1440
25-12-2008 10:08,ORD,PHX,0,AA,8,1440
26-12-2008 10:42,ORD,PHX,0,AA,42,1440
27-12-2008 10:45,ORD,PHX,0,AA,45,1440
28-12-2008 10:09,ORD,PHX,0,AA,9,1440
22-12-2008 21:00,ORD,AUS,0,AA,55,978
23-12-2008 23:40,ORD,AUS,0,AA,215,978
24-12-2008 20:39,ORD,AUS,0,AA,34,978
25-12-2008 20:39,ORD,AUS,0,AA,34,978
27-12-2008 22:12,ORD,AUS,0,AA,127,978
28-12-2008 20:03,ORD,AUS,0,AA,-2,978
22-12-2008 12:14,JFK,AUS,1,B6,-20,1522
22-12-2008 18:03,JFK,AUS,1,B6,-11,1522
22-12-2008 22:35,JFK,AUS,1,B6,57,1522
22-12-2008 07:24,JFK,BOS,1,B6,4,187
22-12-2008 10:55,JFK,BOS,1,B6,100,187
22-12-2008 08:30,JFK,BOS,1,B6,18,187
22-12-2008 12:28,JFK,BOS,1,B6,39,187
22-12-2008 16:26,JFK,BOS,1,B6,51,187
22-12-2008 10:25,JFK,BOS,1,B6,9,187
22-12-2008 20:30,JFK,BOS,1,B6,110,187
22-12-2008 21:26,JFK,BOS,1,B6,86,187
22-12-2008 09:16,ORD,BOS,1,B6,19,867
22-12-2008 16:20,JFK,HOU,1,B6,-10,1428
22-12-2008 22:13,JFK,HOU,1,B6,66,1428
22-12-2008 09:27,JFK,AUS,0,B6,2,1522
22-12-2008 13:10,JFK,AUS,0,B6,10,1522
22-12-2008 20:48,JFK,AUS,0,B6,43,1522
22-12-2008 07:08,JFK,BOS,0,B6,3,187
22-12-2008 10:14,JFK,BOS,0,B6,34,187
22-12-2008 14:50,JFK,BOS,0,B6,30,187
22-12-2008 17:17,JFK,BOS,0,B6,42,187
22-12-2008 19:09,JFK,BOS,0,B6,109,187
22-12-2008 20:08,JFK,BOS,0,B6,43,187
22-12-2008 00:46,JFK,BOS,0,B6,131,187
22-12-2008 12:26,JFK,BOS,0,B6,16,187
22-12-2008 08:19,JFK,HOU,0,B6,19,1428
22-12-2008 14:02,JFK,HOU,0,B6,77,1428
22-12-2008 09:29,JFK,LAS,0,B6,94,2248
22-12-2008 19:00,JFK,LAS,0,B6,20,2248
22-12-2008 21:50,JFK,LAS,0,B6,80,2248
22-12-2008 16:12,JFK,LAS,0,B6,82,2248
22-12-2008 08:57,JFK,ORD,0,B6,7,740
22-12-2008 13:25,JFK,ORD,0,B6,0,740
22-12-2008 17:24,JFK,ORD,0,B6,69,740
22-12-2008 08:04,JFK,PHX,0,B6,9,2153
22-12-2008 19:34,JFK,SFO,0,B6,104,2586
22-12-2008 22:07,JFK,LAS,1,B6,222,2248
22-12-2008 22:14,JFK,LAS,1,B6,134,2248
22-12-2008 06:30,JFK,LAS,1,B6,-3,2248
22-12-2008 08:35,JFK,LAS,1,B6,10,2248
22-12-2008 19:57,ORD,BOS,0,B6,62,867
22-12-2008 12:22,ORD,JFK,0,B6,377,740
22-12-2008 10:05,ORD,JFK,0,B6,30,740
22-12-2008 17:04,ORD,JFK,0,B6,59,740
22-12-2008 19:43,JFK,PHX,1,B6,20,2153
22-12-2008 08:21,JFK,SFO,1,B6,84,2586
23-12-2008 12:29,JFK,AUS,1,B6,-5,1522
23-12-2008 18:25,JFK,AUS,1,B6,11,1522
23-12-2008 21:40,JFK,AUS,1,B6,2,1522
23-12-2008 07:20,JFK,BOS,1,B6,0,187
23-12-2008 10:08,JFK,BOS,1,B6,53,187
23-12-2008 08:04,JFK,BOS,1,B6,-8,187
23-12-2008 12:10,JFK,BOS,1,B6,21,187
23-12-2008 16:26,JFK,BOS,1,B6,51,187
23-12-2008 10:29,JFK,BOS,1,B6,13,187
23-12-2008 19:53,JFK,BOS,1,B6,73,187
23-12-2008 20:28,JFK,BOS,1,B6,28,187
23-12-2008 09:35,ORD,BOS,1,B6,38,867
23-12-2008 16:05,JFK,HOU,1,B6,-25,1428
23-12-2008 21:37,JFK,HOU,1,B6,30,1428
23-12-2008 09:30,JFK,AUS,0,B6,5,1522
23-12-2008 13:41,JFK,AUS,0,B6,41,1522
23-12-2008 20:47,JFK,AUS,0,B6,42,1522
23-12-2008 07:19,JFK,BOS,0,B6,14,187
23-12-2008 09:39,JFK,BOS,0,B6,-1,187
23-12-2008 14:58,JFK,BOS,0,B6,38,187
23-12-2008 17:18,JFK,BOS,0,B6,43,187
23-12-2008 18:52,JFK,BOS,0,B6,92,187
23-12-2008 21:19,JFK,BOS,0,B6,114,187
23-12-2008 22:58,JFK,BOS,0,B6,23,187
23-12-2008 12:09,JFK,BOS,0,B6,-1,187
23-12-2008 07:54,JFK,HOU,0,B6,-6,1428
23-12-2008 13:21,JFK,HOU,0,B6,36,1428
23-12-2008 07:58,JFK,LAS,0,B6,3,2248
23-12-2008 18:47,JFK,LAS,0,B6,7,2248
23-12-2008 20:45,JFK,LAS,0,B6,15,2248
23-12-2008 14:50,JFK,LAS,0,B6,0,2248
23-12-2008 10:04,JFK,ORD,0,B6,74,740
23-12-2008 16:56,JFK,ORD,0,B6,211,740
23-12-2008 18:45,JFK,ORD,0,B6,150,740
23-12-2008 00:07,JFK,ORD,0,B6,237,740
23-12-2008 08:14,JFK,PHX,0,B6,19,2153
23-12-2008 19:01,JFK,PHX,0,B6,6,2153
23-12-2008 17:54,JFK,SFO,0,B6,4,2586
23-12-2008 18:15,JFK,LAS,1,B6,-10,2248
23-12-2008 19:38,JFK,LAS,1,B6,-22,2248
23-12-2008 06:14,JFK,LAS,1,B6,-19,2248
23-12-2008 09:44,JFK,LAS,1,B6,79,2248
23-12-2008 22:51,ORD,BOS,0,B6,236,867
23-12-2008 06:06,ORD,JFK,0,B6,1,740
23-12-2008 10:06,ORD,JFK,0,B6,31,740
23-12-2008 12:57,ORD,JFK,0,B6,92,740
23-12-2008 00:29,ORD,JFK,0,B6,504,740
23-12-2008 19:44,JFK,PHX,1,B6,21,2153
23-12-2008 06:28,JFK,PHX,1,B6,10,2153
23-12-2008 07:03,JFK,SFO,1,B6,6,2586
24-12-2008 12:58,JFK,AUS,1,B6,24,1522
24-12-2008 21:50,JFK,AUS,1,B6,12,1522
24-12-2008 07:35,JFK,BOS,1,B6,15,187
24-12-2008 09:27,JFK,BOS,1,B6,12,187
24-12-2008 08:29,JFK,BOS,1,B6,17,187
24-12-2008 11:44,JFK,BOS,1,B6,-5,187
24-12-2008 10:47,JFK,BOS,1,B6,31,187
24-12-2008 20:13,JFK,BOS,1,B6,93,187
24-12-2008 20:50,JFK,BOS,1,B6,50,187
24-12-2008 09:39,ORD,BOS,1,B6,42,867
24-12-2008 16:17,JFK,HOU,1,B6,-13,1428
24-12-2008 21:45,JFK,HOU,1,B6,38,1428
24-12-2008 10:33,JFK,AUS,0,B6,68,1522
24-12-2008 21:59,JFK,AUS,0,B6,114,1522
24-12-2008 07:28,JFK,BOS,0,B6,23,187
24-12-2008 09:48,JFK,BOS,0,B6,8,187
24-12-2008 16:37,JFK,BOS,0,B6,2,187
24-12-2008 17:19,JFK,BOS,0,B6,-1,187
24-12-2008 20:42,JFK,BOS,0,B6,77,187
24-12-2008 23:01,JFK,BOS,0,B6,26,187
24-12-2008 12:12,JFK,BOS,0,B6,2,187
24-12-2008 07:56,JFK,HOU,0,B6,-4,1428
24-12-2008 12:40,JFK,HOU,0,B6,-5,1428
24-12-2008 08:00,JFK,LAS,0,B6,5,2248
24-12-2008 19:12,JFK,LAS,0,B6,32,2248
24-12-2008 20:36,JFK,LAS,0,B6,6,2248
24-12-2008 15:24,JFK,LAS,0,B6,34,2248
24-12-2008 10:35,JFK,ORD,0,B6,105,740
24-12-2008 18:20,JFK,ORD,0,B6,125,740
24-12-2008 20:07,JFK,ORD,0,B6,-3,740
24-12-2008 08:09,JFK,PHX,0,B6,14,2153
24-12-2008 18:54,JFK,PHX,0,B6,-1,2153
24-12-2008 17:56,JFK,SFO,0,B6,6,2586
24-12-2008 18:13,JFK,LAS,1,B6,-12,2248
24-12-2008 19:20,JFK,LAS,1,B6,-40,2248
24-12-2008 07:02,JFK,LAS,1,B6,29,2248
24-12-2008 08:28,JFK,LAS,1,B6,3,2248
24-12-2008 20:57,ORD,BOS,0,B6,122,867
24-12-2008 06:03,ORD,JFK,0,B6,-2,740
24-12-2008 10:11,ORD,JFK,0,B6,36,740
24-12-2008 13:08,ORD,JFK,0,B6,103,740
24-12-2008 19:28,JFK,PHX,1,B6,5,2153
24-12-2008 05:54,JFK,PHX,1,B6,-24,2153
24-12-2008 08:41,JFK,SFO,1,B6,104,2586
25-12-2008 12:10,JFK,AUS,1,B6,-24,1522
25-12-2008 18:41,JFK,AUS,1,B6,27,1522
25-12-2008 21:38,JFK,AUS,1,B6,0,1522
25-12-2008 07:15,JFK,BOS,1,B6,-5,187
25-12-2008 09:20,JFK,BOS,1,B6,5,187
25-12-2008 08:18,JFK,BOS,1,B6,6,187
25-12-2008 11:36,JFK,BOS,1,B6,-13,187
25-12-2008 15:30,JFK,BOS,1,B6,-5,187
25-12-2008 10:06,JFK,BOS,1,B6,-10,187
25-12-2008 18:24,JFK,BOS,1,B6,-16,187
25-12-2008 19:41,JFK,BOS,1,B6,-19,187
25-12-2008 09:04,ORD,BOS,1,B6,7,867
25-12-2008 16:06,JFK,HOU,1,B6,-24,1428
25-12-2008 20:39,JFK,HOU,1,B6,-28,1428
25-12-2008 09:24,JFK,AUS,0,B6,-1,1522
25-12-2008 13:01,JFK,AUS,0,B6,1,1522
25-12-2008 20:08,JFK,AUS,0,B6,3,1522
25-12-2008 07:03,JFK,BOS,0,B6,-2,187
25-12-2008 09:39,JFK,BOS,0,B6,-1,187
25-12-2008 14:14,JFK,BOS,0,B6,-6,187
25-12-2008 16:31,JFK,BOS,0,B6,-4,187
25-12-2008 17:18,JFK,BOS,0,B6,-2,187
25-12-2008 19:27,JFK,BOS,0,B6,2,187
25-12-2008 22:34,JFK,BOS,0,B6,-1,187
25-12-2008 12:05,JFK,BOS,0,B6,-5,187
25-12-2008 07:56,JFK,HOU,0,B6,-4,1428
25-12-2008 12:45,JFK,HOU,0,B6,0,1428
25-12-2008 07:57,JFK,LAS,0,B6,2,2248
25-12-2008 18:44,JFK,LAS,0,B6,4,2248
25-12-2008 20:35,JFK,LAS,0,B6,5,2248
25-12-2008 14:53,JFK,LAS,0,B6,3,2248
25-12-2008 08:44,JFK,ORD,0,B6,-6,740
25-12-2008 13:25,JFK,ORD,0,B6,0,740
25-12-2008 16:22,JFK,ORD,0,B6,7,740
25-12-2008 20:09,JFK,ORD,0,B6,-1,740
25-12-2008 08:09,JFK,PHX,0,B6,14,2153
25-12-2008 18:49,JFK,PHX,0,B6,-6,2153
25-12-2008 17:45,JFK,SFO,0,B6,-5,2586
25-12-2008 17:53,JFK,LAS,1,B6,-32,2248
25-12-2008 21:06,JFK,LAS,1,B6,66,2248
25-12-2008 06:13,JFK,LAS,1,B6,-20,2248
25-12-2008 08:05,JFK,LAS,1,B6,-20,2248
25-12-2008 18:59,ORD,BOS,0,B6,4,867
25-12-2008 06:01,ORD,JFK,0,B6,-4,740
25-12-2008 09:33,ORD,JFK,0,B6,-2,740
25-12-2008 11:17,ORD,JFK,0,B6,-8,740
25-12-2008 15:56,ORD,JFK,0,B6,-9,740
25-12-2008 19:17,JFK,PHX,1,B6,-6,2153
25-12-2008 05:42,JFK,PHX,1,B6,-36,2153
25-12-2008 07:15,JFK,SFO,1,B6,18,2586
26-12-2008 12:11,JFK,AUS,1,B6,-23,1522
26-12-2008 18:55,JFK,AUS,1,B6,41,1522
26-12-2008 21:15,JFK,AUS,1,B6,-23,1522
26-12-2008 07:42,JFK,BOS,1,B6,22,187
26-12-2008 09:13,JFK,BOS,1,B6,-2,187
26-12-2008 08:07,JFK,BOS,1,B6,-5,187
26-12-2008 11:39,JFK,BOS,1,B6,-10,187
26-12-2008 15:41,JFK,BOS,1,B6,6,187
26-12-2008 10:06,JFK,BOS,1,B6,-10,187
26-12-2008 18:48,JFK,BOS,1,B6,8,187
26-12-2008 20:09,JFK,BOS,1,B6,9,187
26-12-2008 09:30,ORD,BOS,1,B6,33,867
26-12-2008 15:58,JFK,HOU,1,B6,-32,1428
26-12-2008 21:53,JFK,HOU,1,B6,46,1428
26-12-2008 10:53,JFK,AUS,0,B6,88,1522
26-12-2008 12:58,JFK,AUS,0,B6,-2,1522
26-12-2008 20:12,JFK,AUS,0,B6,7,1522
26-12-2008 06:58,JFK,BOS,0,B6,-7,187
26-12-2008 09:39,JFK,BOS,0,B6,-1,187
26-12-2008 14:16,JFK,BOS,0,B6,-4,187
26-12-2008 16:33,JFK,BOS,0,B6,-2,187
26-12-2008 17:16,JFK,BOS,0,B6,-4,187
26-12-2008 19:22,JFK,BOS,0,B6,-3,187
26-12-2008 22:44,JFK,BOS,0,B6,9,187
26-12-2008 12:40,JFK,BOS,0,B6,30,187
26-12-2008 08:00,JFK,HOU,0,B6,0,1428
26-12-2008 12:43,JFK,HOU,0,B6,-2,1428
26-12-2008 08:03,JFK,LAS,0,B6,8,2248
26-12-2008 18:36,JFK,LAS,0,B6,-4,2248
26-12-2008 20:49,JFK,LAS,0,B6,19,2248
26-12-2008 14:55,JFK,LAS,0,B6,5,2248
26-12-2008 09:04,JFK,ORD,0,B6,14,740
26-12-2008 14:59,JFK,ORD,0,B6,94,740
26-12-2008 18:41,JFK,ORD,0,B6,146,740
26-12-2008 08:14,JFK,PHX,0,B6,19,2153
26-12-2008 18:53,JFK,PHX,0,B6,-2,2153
26-12-2008 17:47,JFK,SFO,0,B6,-3,2586
26-12-2008 17:57,JFK,LAS,1,B6,-28,2248
26-12-2008 19:39,JFK,LAS,1,B6,-21,2248
26-12-2008 06:02,JFK,LAS,1,B6,-31,2248
26-12-2008 07:47,JFK,LAS,1,B6,-38,2248
26-12-2008 00:16,ORD,BOS,0,B6,321,867
26-12-2008 06:25,ORD,JFK,0,B6,20,740
26-12-2008 09:58,ORD,JFK,0,B6,23,740
26-12-2008 12:56,ORD,JFK,0,B6,91,740
26-12-2008 18:02,ORD,JFK,0,B6,117,740
26-12-2008 19:22,JFK,PHX,1,B6,-1,2153
26-12-2008 06:24,JFK,PHX,1,B6,6,2153
26-12-2008 06:54,JFK,SFO,1,B6,-3,2586
27-12-2008 12:25,JFK,AUS,1,B6,-9,1522
27-12-2008 19:36,JFK,AUS,1,B6,82,1522
27-12-2008 07:15,JFK,BOS,1,B6,-5,187
27-12-2008 09:45,JFK,BOS,1,B6,30,187
27-12-2008 08:04,JFK,BOS,1,B6,-8,187
27-12-2008 11:57,JFK,BOS,1,B6,8,187
27-12-2008 16:26,JFK,BOS,1,B6,51,187
27-12-2008 10:23,JFK,BOS,1,B6,7,187
27-12-2008 20:19,JFK,BOS,1,B6,19,187
27-12-2008 09:38,ORD,BOS,1,B6,41,867
27-12-2008 17:30,JFK,HOU,1,B6,60,1428
27-12-2008 00:10,JFK,HOU,1,B6,183,1428
27-12-2008 10:45,JFK,AUS,0,B6,80,1522
27-12-2008 22:29,JFK,AUS,0,B6,144,1522
27-12-2008 07:10,JFK,BOS,0,B6,5,187
27-12-2008 09:42,JFK,BOS,0,B6,2,187
27-12-2008 14:29,JFK,BOS,0,B6,9,187
27-12-2008 18:28,JFK,BOS,0,B6,68,187
27-12-2008 19:28,JFK,BOS,0,B6,3,187
27-12-2008 22:32,JFK,BOS,0,B6,-3,187
27-12-2008 12:07,JFK,BOS,0,B6,-3,187
27-12-2008 08:13,JFK,HOU,0,B6,13,1428
27-12-2008 12:37,JFK,HOU,0,B6,-8,1428
27-12-2008 09:04,JFK,LAS,0,B6,69,2248
27-12-2008 19:01,JFK,LAS,0,B6,21,2248
27-12-2008 20:50,JFK,LAS,0,B6,20,2248
27-12-2008 14:59,JFK,LAS,0,B6,9,2248
27-12-2008 08:52,JFK,ORD,0,B6,2,740
27-12-2008 13:23,JFK,ORD,0,B6,-2,740
27-12-2008 18:39,JFK,ORD,0,B6,144,740
27-12-2008 21:33,JFK,ORD,0,B6,83,740
27-12-2008 19:18,JFK,PHX,0,B6,23,2153
27-12-2008 18:02,JFK,SFO,0,B6,12,2586
27-12-2008 18:43,JFK,LAS,1,B6,18,2248
27-12-2008 20:43,JFK,LAS,1,B6,43,2248
27-12-2008 06:35,JFK,LAS,1,B6,2,2248
27-12-2008 08:21,JFK,LAS,1,B6,-4,2248
27-12-2008 20:59,ORD,BOS,0,B6,124,867
27-12-2008 10:21,ORD,JFK,0,B6,46,740
27-12-2008 11:39,ORD,JFK,0,B6,14,740
27-12-2008 16:52,ORD,JFK,0,B6,47,740
27-12-2008 06:26,JFK,PHX,1,B6,8,2153
27-12-2008 07:12,JFK,SFO,1,B6,15,2586
28-12-2008 12:17,JFK,AUS,1,B6,-17,1522
28-12-2008 18:02,JFK,AUS,1,B6,-12,1522
28-12-2008 21:20,JFK,AUS,1,B6,-18,1522
28-12-2008 07:33,JFK,BOS,1,B6,13,187
28-12-2008 09:28,JFK,BOS,1,B6,13,187
28-12-2008 08:16,JFK,BOS,1,B6,4,187
28-12-2008 11:46,JFK,BOS,1,B6,-3,187
28-12-2008 16:37,JFK,BOS,1,B6,62,187
28-12-2008 10:20,JFK,BOS,1,B6,4,187
28-12-2008 18:37,JFK,BOS,1,B6,-3,187
28-12-2008 20:38,JFK,BOS,1,B6,38,187
28-12-2008 09:04,ORD,BOS,1,B6,7,867
28-12-2008 16:54,JFK,HOU,1,B6,24,1428
28-12-2008 21:17,JFK,HOU,1,B6,10,1428
28-12-2008 09:25,JFK,AUS,0,B6,0,1522
28-12-2008 12:59,JFK,AUS,0,B6,-1,1522
28-12-2008 20:45,JFK,AUS,0,B6,40,1522
28-12-2008 06:59,JFK,BOS,0,B6,-6,187
28-12-2008 09:39,JFK,BOS,0,B6,-1,187
28-12-2008 14:30,JFK,BOS,0,B6,10,187
28-12-2008 17:30,JFK,BOS,0,B6,55,187
28-12-2008 17:23,JFK,BOS,0,B6,3,187
28-12-2008 19:52,JFK,BOS,0,B6,27,187
28-12-2008 22:57,JFK,BOS,0,B6,22,187
28-12-2008 12:13,JFK,BOS,0,B6,3,187
28-12-2008 07:58,JFK,HOU,0,B6,-2,1428
28-12-2008 13:11,JFK,HOU,0,B6,26,1428
28-12-2008 08:02,JFK,LAS,0,B6,7,2248
28-12-2008 18:35,JFK,LAS,0,B6,-5,2248
28-12-2008 20:26,JFK,LAS,0,B6,-4,2248
28-12-2008 14:52,JFK,LAS,0,B6,2,2248
28-12-2008 08:48,JFK,ORD,0,B6,-2,740
28-12-2008 13:24,JFK,ORD,0,B6,-1,740
28-12-2008 16:10,JFK,ORD,0,B6,-5,740
28-12-2008 20:07,JFK,ORD,0,B6,-3,740
28-12-2008 07:56,JFK,PHX,0,B6,1,2153
28-12-2008 19:09,JFK,PHX,0,B6,14,2153
28-12-2008 17:47,JFK,SFO,0,B6,-3,2586
28-12-2008 18:17,JFK,LAS,1,B6,-8,2248
28-12-2008 20:09,JFK,LAS,1,B6,9,2248
28-12-2008 06:21,JFK,LAS,1,B6,-12,2248
28-12-2008 08:27,JFK,LAS,1,B6,2,2248
28-12-2008 18:46,ORD,BOS,0,B6,-9,867
28-12-2008 06:05,ORD,JFK,0,B6,0,740
28-12-2008 09:42,ORD,JFK,0,B6,7,740
28-12-2008 11:23,ORD,JFK,0,B6,-2,740
28-12-2008 16:06,ORD,JFK,0,B6,1,740
28-12-2008 19:18,JFK,PHX,1,B6,-5,2153
28-12-2008 06:11,JFK,PHX,1,B6,-7,2153
28-12-2008 06:41,JFK,SFO,1,B6,-16,2586
